-- MySQL dump 10.13  Distrib 5.6.29, for Linux (x86_64)
--
-- Host: localhost    Database: srandom
-- ------------------------------------------------------
-- Server version	5.6.29-log

/*!40101 SET @OLD_CHARACTER_SET_CLIENT=@@CHARACTER_SET_CLIENT */;
/*!40101 SET @OLD_CHARACTER_SET_RESULTS=@@CHARACTER_SET_RESULTS */;
/*!40101 SET @OLD_COLLATION_CONNECTION=@@COLLATION_CONNECTION */;
/*!40101 SET NAMES utf8 */;
/*!40103 SET @OLD_TIME_ZONE=@@TIME_ZONE */;
/*!40103 SET TIME_ZONE='+00:00' */;
/*!40014 SET @OLD_UNIQUE_CHECKS=@@UNIQUE_CHECKS, UNIQUE_CHECKS=0 */;
/*!40014 SET @OLD_FOREIGN_KEY_CHECKS=@@FOREIGN_KEY_CHECKS, FOREIGN_KEY_CHECKS=0 */;
/*!40101 SET @OLD_SQL_MODE=@@SQL_MODE, SQL_MODE='NO_AUTO_VALUE_ON_ZERO' */;
/*!40111 SET @OLD_SQL_NOTES=@@SQL_NOTES, SQL_NOTES=0 */;

--
-- Table structure for table `auth_group`
--

DROP TABLE IF EXISTS `auth_group`;
/*!40101 SET @saved_cs_client     = @@character_set_client */;
/*!40101 SET character_set_client = utf8 */;
CREATE TABLE `auth_group` (
  `id` int(11) NOT NULL AUTO_INCREMENT,
  `name` varchar(80) NOT NULL,
  PRIMARY KEY (`id`),
  UNIQUE KEY `name` (`name`)
) ENGINE=InnoDB DEFAULT CHARSET=utf8;
/*!40101 SET character_set_client = @saved_cs_client */;

--
-- Dumping data for table `auth_group`
--

LOCK TABLES `auth_group` WRITE;
/*!40000 ALTER TABLE `auth_group` DISABLE KEYS */;
/*!40000 ALTER TABLE `auth_group` ENABLE KEYS */;
UNLOCK TABLES;

--
-- Table structure for table `auth_group_permissions`
--

DROP TABLE IF EXISTS `auth_group_permissions`;
/*!40101 SET @saved_cs_client     = @@character_set_client */;
/*!40101 SET character_set_client = utf8 */;
CREATE TABLE `auth_group_permissions` (
  `id` int(11) NOT NULL AUTO_INCREMENT,
  `group_id` int(11) NOT NULL,
  `permission_id` int(11) NOT NULL,
  PRIMARY KEY (`id`),
  UNIQUE KEY `auth_group_permissions_group_id_0cd325b0_uniq` (`group_id`,`permission_id`),
  KEY `auth_group_permissi_permission_id_84c5c92e_fk_auth_permission_id` (`permission_id`),
  CONSTRAINT `auth_group_permissi_permission_id_84c5c92e_fk_auth_permission_id` FOREIGN KEY (`permission_id`) REFERENCES `auth_permission` (`id`),
  CONSTRAINT `auth_group_permissions_group_id_b120cbf9_fk_auth_group_id` FOREIGN KEY (`group_id`) REFERENCES `auth_group` (`id`)
) ENGINE=InnoDB DEFAULT CHARSET=utf8;
/*!40101 SET character_set_client = @saved_cs_client */;

--
-- Dumping data for table `auth_group_permissions`
--

LOCK TABLES `auth_group_permissions` WRITE;
/*!40000 ALTER TABLE `auth_group_permissions` DISABLE KEYS */;
/*!40000 ALTER TABLE `auth_group_permissions` ENABLE KEYS */;
UNLOCK TABLES;

--
-- Table structure for table `auth_permission`
--

DROP TABLE IF EXISTS `auth_permission`;
/*!40101 SET @saved_cs_client     = @@character_set_client */;
/*!40101 SET character_set_client = utf8 */;
CREATE TABLE `auth_permission` (
  `id` int(11) NOT NULL AUTO_INCREMENT,
  `name` varchar(255) NOT NULL,
  `content_type_id` int(11) NOT NULL,
  `codename` varchar(100) NOT NULL,
  PRIMARY KEY (`id`),
  UNIQUE KEY `auth_permission_content_type_id_01ab375a_uniq` (`content_type_id`,`codename`),
  CONSTRAINT `auth_permissi_content_type_id_2f476e4b_fk_django_content_type_id` FOREIGN KEY (`content_type_id`) REFERENCES `django_content_type` (`id`)
) ENGINE=InnoDB AUTO_INCREMENT=55 DEFAULT CHARSET=utf8;
/*!40101 SET character_set_client = @saved_cs_client */;

--
-- Dumping data for table `auth_permission`
--

LOCK TABLES `auth_permission` WRITE;
/*!40000 ALTER TABLE `auth_permission` DISABLE KEYS */;
INSERT INTO `auth_permission` VALUES (1,'Can add log entry',1,'add_logentry'),(2,'Can change log entry',1,'change_logentry'),(3,'Can delete log entry',1,'delete_logentry'),(4,'Can add permission',2,'add_permission'),(5,'Can change permission',2,'change_permission'),(6,'Can delete permission',2,'delete_permission'),(7,'Can add group',3,'add_group'),(8,'Can change group',3,'change_group'),(9,'Can delete group',3,'delete_group'),(10,'Can add content type',4,'add_contenttype'),(11,'Can change content type',4,'change_contenttype'),(12,'Can delete content type',4,'delete_contenttype'),(13,'Can add session',5,'add_session'),(14,'Can change session',5,'change_session'),(15,'Can delete session',5,'delete_session'),(16,'Can add user social auth',6,'add_usersocialauth'),(17,'Can change user social auth',6,'change_usersocialauth'),(18,'Can delete user social auth',6,'delete_usersocialauth'),(19,'Can add nonce',7,'add_nonce'),(20,'Can change nonce',7,'change_nonce'),(21,'Can delete nonce',7,'delete_nonce'),(22,'Can add association',8,'add_association'),(23,'Can change association',8,'change_association'),(24,'Can delete association',8,'delete_association'),(25,'Can add code',9,'add_code'),(26,'Can change code',9,'change_code'),(27,'Can delete code',9,'delete_code'),(28,'Can add 難易度',10,'add_difficulty'),(29,'Can change 難易度',10,'change_difficulty'),(30,'Can delete 難易度',10,'delete_difficulty'),(31,'Can add レベル',11,'add_level'),(32,'Can change レベル',11,'change_level'),(33,'Can delete レベル',11,'delete_level'),(34,'Can add S乱レベル',12,'add_sran_level'),(35,'Can change S乱レベル',12,'change_sran_level'),(36,'Can delete S乱レベル',12,'delete_sran_level'),(37,'Can add 曲',13,'add_music'),(38,'Can change 曲',13,'change_music'),(39,'Can delete 曲',13,'delete_music'),(40,'Can add クリアメダル',14,'add_medal'),(41,'Can change クリアメダル',14,'change_medal'),(42,'Can delete クリアメダル',14,'delete_medal'),(43,'Can add BAD数',15,'add_bad_count'),(44,'Can change BAD数',15,'change_bad_count'),(45,'Can delete BAD数',15,'delete_bad_count'),(46,'Can add Extra Option',16,'add_extra_option'),(47,'Can change Extra Option',16,'change_extra_option'),(48,'Can delete Extra Option',16,'delete_extra_option'),(49,'Can add 都道府県',17,'add_location'),(50,'Can change 都道府県',17,'change_location'),(51,'Can delete 都道府県',17,'delete_location'),(52,'Can add user',18,'add_customuser'),(53,'Can change user',18,'change_customuser'),(54,'Can delete user',18,'delete_customuser');
/*!40000 ALTER TABLE `auth_permission` ENABLE KEYS */;
UNLOCK TABLES;

--
-- Table structure for table `django_admin_log`
--

DROP TABLE IF EXISTS `django_admin_log`;
/*!40101 SET @saved_cs_client     = @@character_set_client */;
/*!40101 SET character_set_client = utf8 */;
CREATE TABLE `django_admin_log` (
  `id` int(11) NOT NULL AUTO_INCREMENT,
  `action_time` datetime(6) NOT NULL,
  `object_id` longtext,
  `object_repr` varchar(200) NOT NULL,
  `action_flag` smallint(5) unsigned NOT NULL,
  `change_message` longtext NOT NULL,
  `content_type_id` int(11) DEFAULT NULL,
  `user_id` int(11) NOT NULL,
  PRIMARY KEY (`id`),
  KEY `django_admin__content_type_id_c4bce8eb_fk_django_content_type_id` (`content_type_id`),
  KEY `django_admin_log_user_id_c564eba6_fk_users_customuser_id` (`user_id`),
  CONSTRAINT `django_admin__content_type_id_c4bce8eb_fk_django_content_type_id` FOREIGN KEY (`content_type_id`) REFERENCES `django_content_type` (`id`),
  CONSTRAINT `django_admin_log_user_id_c564eba6_fk_users_customuser_id` FOREIGN KEY (`user_id`) REFERENCES `users_customuser` (`id`)
) ENGINE=InnoDB AUTO_INCREMENT=23 DEFAULT CHARSET=utf8;
/*!40101 SET character_set_client = @saved_cs_client */;

--
-- Dumping data for table `django_admin_log`
--

LOCK TABLES `django_admin_log` WRITE;
/*!40000 ALTER TABLE `django_admin_log` DISABLE KEYS */;
INSERT INTO `django_admin_log` VALUES (1,'2016-03-01 17:29:55.442498','1','admin',2,'email を変更しました。',18,1),(2,'2016-03-04 20:19:58.606076','41','\"Schall\" we step?',2,'title を変更しました。',13,1),(3,'2016-03-05 19:17:02.337420','1','admin',2,'date_joined を変更しました。',18,1),(4,'2016-03-05 19:17:44.281882','2','darum1system',2,'date_joined を変更しました。',18,1),(5,'2016-03-05 19:18:14.783859','1','admin',2,'profile を変更しました。',18,1),(6,'2016-03-06 17:44:13.409892','51','asteer',2,'bpm を変更しました。',13,1),(7,'2016-03-06 17:44:40.671948','52','カラフルトイズ・ワンダーランド',2,'bpm を変更しました。',13,1),(8,'2016-03-06 17:45:21.341615','65','賢聖シリウスの采配',2,'bpm を変更しました。',13,1),(9,'2016-03-06 17:45:46.608716','66','流離',2,'bpm を変更しました。',13,1),(10,'2016-03-06 17:46:01.334241','67','現代のヘイヨエ祭り',2,'bpm を変更しました。',13,1),(11,'2016-03-06 17:46:21.644567','92','Caradbolg',2,'bpm を変更しました。',13,1),(12,'2016-03-06 17:46:58.193823','93','たまごの物理科学的 及び調理特性に関しての調査、そしてその考察',2,'bpm を変更しました。',13,1),(13,'2016-03-06 17:47:21.523048','121','Reconsideration',2,'bpm を変更しました。',13,1),(14,'2016-03-06 17:48:23.287883','122','漆黒のスペシャルプリンセスサンデー',2,'bpm を変更しました。',13,1),(15,'2016-03-06 17:48:41.889086','123','僕ガ壊レル前ニ',2,'bpm を変更しました。',13,1),(16,'2016-03-06 17:48:57.465811','124','Peragro',2,'bpm を変更しました。',13,1),(17,'2016-03-06 17:49:12.708285','166','ice crystals',2,'bpm を変更しました。',13,1),(18,'2016-03-06 17:49:29.193597','167','8000000',2,'bpm を変更しました。',13,1),(19,'2016-03-06 17:49:48.774607','220','黒点',2,'bpm を変更しました。',13,1),(20,'2016-03-06 17:50:04.083201','243','蒼が消えるとき',2,'bpm を変更しました。',13,1),(21,'2016-03-06 17:50:30.747288','254','乾坤一擲',2,'bpm を変更しました。',13,1),(22,'2016-03-07 16:49:59.095139','2','darum1system',2,'is_superuser と is_staff を変更しました。',18,1);
/*!40000 ALTER TABLE `django_admin_log` ENABLE KEYS */;
UNLOCK TABLES;

--
-- Table structure for table `django_content_type`
--

DROP TABLE IF EXISTS `django_content_type`;
/*!40101 SET @saved_cs_client     = @@character_set_client */;
/*!40101 SET character_set_client = utf8 */;
CREATE TABLE `django_content_type` (
  `id` int(11) NOT NULL AUTO_INCREMENT,
  `app_label` varchar(100) NOT NULL,
  `model` varchar(100) NOT NULL,
  PRIMARY KEY (`id`),
  UNIQUE KEY `django_content_type_app_label_76bd3d3b_uniq` (`app_label`,`model`)
) ENGINE=InnoDB AUTO_INCREMENT=19 DEFAULT CHARSET=utf8;
/*!40101 SET character_set_client = @saved_cs_client */;

--
-- Dumping data for table `django_content_type`
--

LOCK TABLES `django_content_type` WRITE;
/*!40000 ALTER TABLE `django_content_type` DISABLE KEYS */;
INSERT INTO `django_content_type` VALUES (1,'admin','logentry'),(3,'auth','group'),(2,'auth','permission'),(4,'contenttypes','contenttype'),(8,'default','association'),(9,'default','code'),(7,'default','nonce'),(6,'default','usersocialauth'),(15,'main','bad_count'),(10,'main','difficulty'),(16,'main','extra_option'),(11,'main','level'),(14,'main','medal'),(13,'main','music'),(12,'main','sran_level'),(5,'sessions','session'),(18,'users','customuser'),(17,'users','location');
/*!40000 ALTER TABLE `django_content_type` ENABLE KEYS */;
UNLOCK TABLES;

--
-- Table structure for table `django_migrations`
--

DROP TABLE IF EXISTS `django_migrations`;
/*!40101 SET @saved_cs_client     = @@character_set_client */;
/*!40101 SET character_set_client = utf8 */;
CREATE TABLE `django_migrations` (
  `id` int(11) NOT NULL AUTO_INCREMENT,
  `app` varchar(255) NOT NULL,
  `name` varchar(255) NOT NULL,
  `applied` datetime(6) NOT NULL,
  PRIMARY KEY (`id`)
) ENGINE=InnoDB AUTO_INCREMENT=18 DEFAULT CHARSET=utf8;
/*!40101 SET character_set_client = @saved_cs_client */;

--
-- Dumping data for table `django_migrations`
--

LOCK TABLES `django_migrations` WRITE;
/*!40000 ALTER TABLE `django_migrations` DISABLE KEYS */;
INSERT INTO `django_migrations` VALUES (1,'contenttypes','0001_initial','2016-02-29 19:15:56.963408'),(2,'contenttypes','0002_remove_content_type_name','2016-02-29 19:15:58.391092'),(3,'auth','0001_initial','2016-02-29 19:16:00.008432'),(4,'auth','0002_alter_permission_name_max_length','2016-02-29 19:16:00.122317'),(5,'auth','0003_alter_user_email_max_length','2016-02-29 19:16:00.139376'),(6,'auth','0004_alter_user_username_opts','2016-02-29 19:16:00.155887'),(7,'auth','0005_alter_user_last_login_null','2016-02-29 19:16:00.170778'),(8,'auth','0006_require_contenttypes_0002','2016-02-29 19:16:00.174919'),(9,'auth','0007_alter_validators_add_error_messages','2016-02-29 19:16:00.189664'),(10,'users','0001_initial','2016-02-29 19:16:03.959748'),(11,'main','0001_initial','2016-02-29 19:16:35.335246'),(12,'admin','0001_initial','2016-02-29 19:16:42.232618'),(13,'admin','0002_logentry_remove_auto_add','2016-02-29 19:16:42.295453'),(14,'default','0001_initial','2016-02-29 19:16:43.046718'),(15,'default','0002_add_related_name','2016-02-29 19:16:43.238245'),(16,'default','0003_alter_email_max_length','2016-02-29 19:16:43.359356'),(17,'sessions','0001_initial','2016-02-29 19:16:43.932697');
/*!40000 ALTER TABLE `django_migrations` ENABLE KEYS */;
UNLOCK TABLES;

--
-- Table structure for table `django_session`
--

DROP TABLE IF EXISTS `django_session`;
/*!40101 SET @saved_cs_client     = @@character_set_client */;
/*!40101 SET character_set_client = utf8 */;
CREATE TABLE `django_session` (
  `session_key` varchar(40) NOT NULL,
  `session_data` longtext NOT NULL,
  `expire_date` datetime(6) NOT NULL,
  PRIMARY KEY (`session_key`),
  KEY `django_session_de54fa62` (`expire_date`)
) ENGINE=InnoDB DEFAULT CHARSET=utf8;
/*!40101 SET character_set_client = @saved_cs_client */;

--
-- Dumping data for table `django_session`
--

LOCK TABLES `django_session` WRITE;
/*!40000 ALTER TABLE `django_session` DISABLE KEYS */;
INSERT INTO `django_session` VALUES ('0trol1rul0ref28cajl8kbgqnsmv1q84','NWIyMjJjMTk2N2JkMWNlMDk5ZGY1MmVjYjM2MmY1ZGM1YTZlMTUyMTp7Il9hdXRoX3VzZXJfaWQiOiI0NiIsIl9hdXRoX3VzZXJfYmFja2VuZCI6InNvY2lhbC5iYWNrZW5kcy50d2l0dGVyLlR3aXR0ZXJPQXV0aCIsIl9hdXRoX3VzZXJfaGFzaCI6ImZhZjZhNzIwNzVmNDI5MjU0ZTI2NTdjNWRlNDQ4N2I4M2M4Njc2ZDQiLCJ0d2l0dGVyX3N0YXRlIjoiUEF0bHVoaXk3bTZocUludTR6akRnOVIyYlE2ODhubVUiLCJzb2NpYWxfYXV0aF9sYXN0X2xvZ2luX2JhY2tlbmQiOiJ0d2l0dGVyIiwidHdpdHRlcnVuYXV0aG9yaXplZF90b2tlbl9uYW1lIjpbXX0=','2016-03-21 11:58:54.126623'),('0u85ggk2vmfpbxxesfuewwmoewni11t2','MzFlMDE1MjRiNTVkNTcxNmVjOTRjZmFiMjc0OGZkNDNlM2M0OWQ1Yjp7InR3aXR0ZXJfc3RhdGUiOiIyM3c3YXJRaEF5Tjh0cHV6akJEa3ZaWkxMdTM0UGZROSIsIl9hdXRoX3VzZXJfaWQiOiI1Iiwic29jaWFsX2F1dGhfbGFzdF9sb2dpbl9iYWNrZW5kIjoidHdpdHRlciIsIl9hdXRoX3VzZXJfaGFzaCI6Ijg5ZjFmODkwYTI0MmU5NzVmNDJmNTMzZTE5ZTFiZWEyZmI3ODliZWQiLCJ0d2l0dGVydW5hdXRob3JpemVkX3Rva2VuX25hbWUiOltdLCJfYXV0aF91c2VyX2JhY2tlbmQiOiJzb2NpYWwuYmFja2VuZHMudHdpdHRlci5Ud2l0dGVyT0F1dGgifQ==','2016-03-22 04:26:57.179185'),('15zuls11f3vvorzwbnfojhqemcoi191w','MWMyYmE2YThlYmI5NTlhYmE1ODJiMTlhMzExY2M4NTY5NWRhOGUyMTp7Il9hdXRoX3VzZXJfaWQiOiI1NSIsInR3aXR0ZXJ1bmF1dGhvcml6ZWRfdG9rZW5fbmFtZSI6W10sInR3aXR0ZXJfc3RhdGUiOiJxZUtRRFV6YTVoUUNweG5Hc1Z1M0VWYm9GZzNpVUJjQyIsInNvY2lhbF9hdXRoX2xhc3RfbG9naW5fYmFja2VuZCI6InR3aXR0ZXIiLCJfYXV0aF91c2VyX2JhY2tlbmQiOiJzb2NpYWwuYmFja2VuZHMudHdpdHRlci5Ud2l0dGVyT0F1dGgiLCJfYXV0aF91c2VyX2hhc2giOiJjNzM0ZTRkZTc2OGQ3OTFhZWI5MzEyOThjNDhjMmM1YWRjOTAyMzQ4In0=','2016-03-21 03:09:34.738155'),('1fvn6j7rnbbixdjaxo0l7nebjwal12hl','ZWY5NGE1MDY1MGJiMjAwMTIxNzYzM2UwMDMwNjVjMDFkMDViOGMxZDp7Il9hdXRoX3VzZXJfaWQiOiI1OCIsInR3aXR0ZXJ1bmF1dGhvcml6ZWRfdG9rZW5fbmFtZSI6W10sInR3aXR0ZXJfc3RhdGUiOiJuMjl0b2FjUmxSR3NSME16bVU3eHhNVW5FMTM5OURNaCIsInNvY2lhbF9hdXRoX2xhc3RfbG9naW5fYmFja2VuZCI6InR3aXR0ZXIiLCJfYXV0aF91c2VyX2JhY2tlbmQiOiJzb2NpYWwuYmFja2VuZHMudHdpdHRlci5Ud2l0dGVyT0F1dGgiLCJfYXV0aF91c2VyX2hhc2giOiIzZTQxNTUzMWU0OTU3YzViZTcyOTU0MTFiODIxYmFiZWYxYjEzNDVmIn0=','2016-03-21 03:15:51.813502'),('1ivoi24ts01zmn59mjlbqfw5rjk36glv','NDJjMzFmODY4Y2UwNjg5YWE5Y2MyNDYwMjM1NDNmNzY0MTI4ZmQyMzp7InR3aXR0ZXJfc3RhdGUiOiJUazRKVUxEMkNUWmE0ZmQ1TU9CbWw4dm45OWxxSkpIbCIsInR3aXR0ZXJ1bmF1dGhvcml6ZWRfdG9rZW5fbmFtZSI6WyJvYXV0aF90b2tlbj1kTWdJNFFBQUFBQUFrZHFTQUFBQlUweWczWEkmb2F1dGhfdG9rZW5fc2VjcmV0PXZZUVdKbDRPMHMxb1kyUGVZeFhXV0FENzdIdDllb3JvJm9hdXRoX2NhbGxiYWNrX2NvbmZpcm1lZD10cnVlIl19','2016-03-20 15:52:04.351943'),('1lp8i097eayumwgv0eldqed2mtyho7sb','MDkzY2VmZmY1OGZkYWE3ZDJiMjIxY2NiMjJmMDdjOWNmYzY0MzdiNDp7Il9hdXRoX3VzZXJfaWQiOiI1MyIsInR3aXR0ZXJ1bmF1dGhvcml6ZWRfdG9rZW5fbmFtZSI6WyJvYXV0aF90b2tlbj1pM2JpdmdBQUFBQUFrZHFTQUFBQlUwNzViRFkmb2F1dGhfdG9rZW5fc2VjcmV0PTBCN0lNUlppSnM1WFR2cGZKajhhWVU5YThuSE1neVJoJm9hdXRoX2NhbGxiYWNrX2NvbmZpcm1lZD10cnVlIl0sInR3aXR0ZXJfc3RhdGUiOiIybXhPSk9DR0ZaOTljRDZEWmhteG1qTjF3YUVqcU5IcyIsInNvY2lhbF9hdXRoX2xhc3RfbG9naW5fYmFja2VuZCI6InR3aXR0ZXIiLCJfYXV0aF91c2VyX2JhY2tlbmQiOiJzb2NpYWwuYmFja2VuZHMudHdpdHRlci5Ud2l0dGVyT0F1dGgiLCJfYXV0aF91c2VyX2hhc2giOiI5Mjk3MTIyNWE1OWMzNmNhYTBiZmY2Yzk0NWFhYzRjNGFhZTU3MTRmIn0=','2016-03-21 02:48:20.044907'),('1tmbs1vwft8z6aek4fjg3i02qvffqrc1','NzllNzY2MTdkNTAxNWU3YmIxNzUwNWM3ODZkYjA2Nzc2NmNlMDlkODp7InR3aXR0ZXJ1bmF1dGhvcml6ZWRfdG9rZW5fbmFtZSI6WyJvYXV0aF90b2tlbj1hMDlKcFFBQUFBQUFrZHFTQUFBQlUxZGpabWcmb2F1dGhfdG9rZW5fc2VjcmV0PVpGb0kzR3R2YkQ3M1JTUmVpank5V1VFakZ6MkREQVpkJm9hdXRoX2NhbGxiYWNrX2NvbmZpcm1lZD10cnVlIl0sInR3aXR0ZXJfc3RhdGUiOiJZU2V0SkRwYjNxQVdDUkZHQXpWT2twUEs1eEsxWFMwaiJ9','2016-03-22 18:00:45.560295'),('2bi6pd58pnocqhpp7ia8jluxqndc8usj','ZDhlZWNmYzgzYjk1Njk0ZjViMTg4MDc0YWEzYjcwZjY4YjM5NTAxYzp7Il9hdXRoX3VzZXJfaWQiOiI0MSIsInR3aXR0ZXJ1bmF1dGhvcml6ZWRfdG9rZW5fbmFtZSI6W10sInNvY2lhbF9hdXRoX2xhc3RfbG9naW5fYmFja2VuZCI6InR3aXR0ZXIiLCJfYXV0aF91c2VyX2hhc2giOiIxMjMxMGYzZGJmNjNiNTliOGE2NGIzZTE2NWI5ODIwYWMyOGRhZDFkIiwidHdpdHRlcl9zdGF0ZSI6InVFRXM3M2xrWGdKQ0NuWnBndndqcE9aUVBKZWxUVE5MIiwiX2F1dGhfdXNlcl9iYWNrZW5kIjoic29jaWFsLmJhY2tlbmRzLnR3aXR0ZXIuVHdpdHRlck9BdXRoIn0=','2016-03-21 10:35:06.289073'),('2diu80ex0saua0tstwzg01nmfh69d70r','NTZkN2ZkNmI0MjdmYWU2NDJmYzcyNzg1M2Y0NWFiMzg5MjI3NGMzYjp7Il9hdXRoX3VzZXJfaWQiOiI1NyIsInR3aXR0ZXJ1bmF1dGhvcml6ZWRfdG9rZW5fbmFtZSI6W10sInR3aXR0ZXJfc3RhdGUiOiJFZXNsQzVaTHRlUzFjZndJWnp1WmFLaXJ3N3ZkZjU4ciIsInNvY2lhbF9hdXRoX2xhc3RfbG9naW5fYmFja2VuZCI6InR3aXR0ZXIiLCJfYXV0aF91c2VyX2JhY2tlbmQiOiJzb2NpYWwuYmFja2VuZHMudHdpdHRlci5Ud2l0dGVyT0F1dGgiLCJfYXV0aF91c2VyX2hhc2giOiIzMWRkMWQ5OTQyZjA3OTA0ZWMyNTg1Njk1ZDkzY2VjY2U1YmQyNmIzIn0=','2016-03-21 03:13:51.923283'),('2eg3kneecjvkd8v6hyp2zuxyozvjmu3a','ODQxMWZjODg3ZDYzMWE4YTA1YmI5YTlkN2E2ZWYwODk2MzAwZTNjODp7Il9hdXRoX3VzZXJfaGFzaCI6IjlhM2Y4NTBhNTNhOTllN2VmODU0ODBlMWQzYTgzMGExZWQwYzNlMGEiLCJzb2NpYWxfYXV0aF9sYXN0X2xvZ2luX2JhY2tlbmQiOiJ0d2l0dGVyIiwidHdpdHRlcl9zdGF0ZSI6IjNLRzBwSE5uWlFMS2JBeUxGeGFQOFloR0R0bk90ZFRWIiwidHdpdHRlcnVuYXV0aG9yaXplZF90b2tlbl9uYW1lIjpbXSwiX2F1dGhfdXNlcl9iYWNrZW5kIjoic29jaWFsLmJhY2tlbmRzLnR3aXR0ZXIuVHdpdHRlck9BdXRoIiwiX2F1dGhfdXNlcl9pZCI6IjgifQ==','2016-03-20 12:23:32.285365'),('2nsgju66l79nsglvponb221sgah5mabc','Yjk5NTU0OTBiNDI4ZjhmYTU0ZWQ5OTNhNDhkODA4OTAxODU4MDAzMTp7InR3aXR0ZXJfc3RhdGUiOiJTbVN4a0tsejVqSFhTdkpqVzgwaTZZbU42RUJMaGg2SCIsInR3aXR0ZXJ1bmF1dGhvcml6ZWRfdG9rZW5fbmFtZSI6WyJvYXV0aF90b2tlbj04bWJ0YkFBQUFBQUFrZHFTQUFBQlUwOGRQX2cmb2F1dGhfdG9rZW5fc2VjcmV0PUhLb0RaMnRwZDJCMlNJakp0MW0ydUxWS0lNeWgwaXViJm9hdXRoX2NhbGxiYWNrX2NvbmZpcm1lZD10cnVlIl19','2016-03-21 03:27:10.479061'),('2sycaof8mc881scbllrvd0m4t8zfctqn','NDFiMjBjNmU5OWNlNzdhNDhlOWZlZmY0MDE5YTUwZmU4MDZkYjdiMDp7InR3aXR0ZXJfc3RhdGUiOiJveXE3YzRQM0kzeEpaV1QyUUFMNUdTWkw3dWFxdlZmdiIsInR3aXR0ZXJ1bmF1dGhvcml6ZWRfdG9rZW5fbmFtZSI6WyJvYXV0aF90b2tlbj12RWJaMmdBQUFBQUFrZHFTQUFBQlUwMVkzZTgmb2F1dGhfdG9rZW5fc2VjcmV0PVR4MVVMU2NzSXdld0g1QmU0bDJtbFBYSnMzWDRBVnp2Jm9hdXRoX2NhbGxiYWNrX2NvbmZpcm1lZD10cnVlIl19','2016-03-20 19:13:03.101275'),('2xo7baacxhscf56kk5fc261bz0w5xsdw','MzU5NDA1Zjg3YzMyNzU4NjI0YjY4ZThiZGI1ZGFjYTE5MjNkMzQxOTp7Il9hdXRoX3VzZXJfaGFzaCI6Ijg2OTZmMTI1ZTI4Yzc4MDEzYjVhYzJlYjZmYzNkZTIyNWMwY2RiYTIiLCJzb2NpYWxfYXV0aF9sYXN0X2xvZ2luX2JhY2tlbmQiOiJ0d2l0dGVyIiwidHdpdHRlcl9zdGF0ZSI6Ijlyc1AwWlI4WEtLTmtIam9vRUxPUzBwNjY4czlFNjJTIiwidHdpdHRlcnVuYXV0aG9yaXplZF90b2tlbl9uYW1lIjpbXSwiX2F1dGhfdXNlcl9iYWNrZW5kIjoic29jaWFsLmJhY2tlbmRzLnR3aXR0ZXIuVHdpdHRlck9BdXRoIiwiX2F1dGhfdXNlcl9pZCI6IjE2In0=','2016-03-20 12:37:42.405002'),('3gtdx8woyukzi6t2ihcwf10llt4qb3p9','OWE4YmU5NjMzODBiZGYxODUzY2RlYjk2Y2M5NDI1MzIxMWRmZGE0ZDp7Il9hdXRoX3VzZXJfaGFzaCI6ImFjMGM1NWRhMTQ3OGM1MGZhOGM3MGVjOGVmZjAwZmU5YWM2OTBmNTgiLCJzb2NpYWxfYXV0aF9sYXN0X2xvZ2luX2JhY2tlbmQiOiJ0d2l0dGVyIiwidHdpdHRlcl9zdGF0ZSI6ImRCS1VERkoyT0xOTXZYZTl2ZWJQb0NmUjRVeHRCd0xsIiwidHdpdHRlcnVuYXV0aG9yaXplZF90b2tlbl9uYW1lIjpbXSwiX2F1dGhfdXNlcl9iYWNrZW5kIjoic29jaWFsLmJhY2tlbmRzLnR3aXR0ZXIuVHdpdHRlck9BdXRoIiwiX2F1dGhfdXNlcl9pZCI6IjE5In0=','2016-03-20 12:54:42.924853'),('3zoxpyrnu4m9x4ljj2tasolk044uo3i4','MWFhZmRmMDE3ODI2ZTA5NmVjYTIwMGNiNDhmYzYzMGM3MmQ0Nzc5Mjp7Il9hdXRoX3VzZXJfaWQiOiI2NSIsInR3aXR0ZXJ1bmF1dGhvcml6ZWRfdG9rZW5fbmFtZSI6W10sInR3aXR0ZXJfc3RhdGUiOiJja0xhd29tQ0pueGhEbEltZEE1ZURob2ZIQUhkWXI0NiIsInNvY2lhbF9hdXRoX2xhc3RfbG9naW5fYmFja2VuZCI6InR3aXR0ZXIiLCJfYXV0aF91c2VyX2JhY2tlbmQiOiJzb2NpYWwuYmFja2VuZHMudHdpdHRlci5Ud2l0dGVyT0F1dGgiLCJfYXV0aF91c2VyX2hhc2giOiJkMzcyMTlmMGVjZDA0ZTAxNGI5NmE5ZTViZDZjZWU0M2VkYmU3M2U5In0=','2016-03-21 04:48:32.913636'),('5cuxb2bs0g9sh8eba5ddrf86yv7rpt9a','YmE3YjE5YmQzZGIzMDc5YTViMTliM2E1M2FiYjZmYjVmNjA4ZmJiYTp7InR3aXR0ZXJfc3RhdGUiOiJEeHQ0aW9CNUl1MGI3UGhCY2hxaURkbk01eVNRdXNmVSIsInR3aXR0ZXJ1bmF1dGhvcml6ZWRfdG9rZW5fbmFtZSI6WyJvYXV0aF90b2tlbj1EaGg5NHdBQUFBQUFrZHFTQUFBQlUwWXYwMU0mb2F1dGhfdG9rZW5fc2VjcmV0PVphVVBSY05lOWRrRnpFOVdEVWtEZVp6UWcxdjd4OGQ4Jm9hdXRoX2NhbGxiYWNrX2NvbmZpcm1lZD10cnVlIl19','2016-03-19 09:50:52.911586'),('5g0nbjjq485q4w9mpivsixa89kcuvle8','OTYzMjE0NDA0MjUyNzY2MWEyOWMyNjJiMjQ4ZDcyZWUyNTgwY2NmMDp7Il9hdXRoX3VzZXJfaWQiOiI1NiIsInR3aXR0ZXJ1bmF1dGhvcml6ZWRfdG9rZW5fbmFtZSI6W10sInR3aXR0ZXJfc3RhdGUiOiJ2Qm5qZXBPZTEwcWh5NWVhUWwyWlBIaDJFYUhnMWxTSCIsInNvY2lhbF9hdXRoX2xhc3RfbG9naW5fYmFja2VuZCI6InR3aXR0ZXIiLCJfYXV0aF91c2VyX2JhY2tlbmQiOiJzb2NpYWwuYmFja2VuZHMudHdpdHRlci5Ud2l0dGVyT0F1dGgiLCJfYXV0aF91c2VyX2hhc2giOiI3MGNiMmQ2NDZkMzMwMGRmMjAxN2MyOTAzODQ4MmIzMDJmYTU3OWFlIn0=','2016-03-21 03:12:48.216011'),('5zihat0pxxdvaqrhhb3crob6dohbltvh','ZmNhYmM3ZjE0YjJiZWZhY2JjYTIwN2E1ZTc0ODkzNjA0OWY5Y2VjODp7Il9hdXRoX3VzZXJfYmFja2VuZCI6InNvY2lhbC5iYWNrZW5kcy50d2l0dGVyLlR3aXR0ZXJPQXV0aCIsIl9hdXRoX3VzZXJfaWQiOiI3NiIsInNvY2lhbF9hdXRoX2xhc3RfbG9naW5fYmFja2VuZCI6InR3aXR0ZXIiLCJ0d2l0dGVydW5hdXRob3JpemVkX3Rva2VuX25hbWUiOltdLCJ0d2l0dGVyX3N0YXRlIjoienBQOGIwNlRrT0hpdHNBcXVhcEp2T1Q5djVRb010aTgiLCJfYXV0aF91c2VyX2hhc2giOiIyYTkwMDdmMzBhYmUxNWJkNmRjZjMwYjYxZjMyYjhmY2JkMmE1MDgzIn0=','2016-03-22 16:49:25.935161'),('670m60x6xpinlzn8c1ercou5tz03ugjm','MDUyNDgwNTViMThiN2E3MzE5NWMyMjIzNTQzYzlmZjA4YzdiYjdkNjp7Il9hdXRoX3VzZXJfYmFja2VuZCI6ImRqYW5nby5jb250cmliLmF1dGguYmFja2VuZHMuTW9kZWxCYWNrZW5kIiwiX2F1dGhfdXNlcl9pZCI6IjEiLCJfYXV0aF91c2VyX2hhc2giOiI4YjU2ZDNiOTc1NmUzOWRkYTc2ODdmYmZmMGQ4MDk5NjI2ZjBkZTMzIn0=','2016-03-22 17:24:46.962111'),('69hqri6pkdxfej23s57ptggya0v2vmhj','MmRjZGYxZjk2NTRlMTFlOTM0YTc4NDk0MGVlYzcxN2MzZjIwZTk2Mjp7Il9hdXRoX3VzZXJfaGFzaCI6IjA1NWRkMzVkMDMxODRjZDRjYzNjMTEwYzhmMWVkNTNkZDk0ZjYzMzkiLCJzb2NpYWxfYXV0aF9sYXN0X2xvZ2luX2JhY2tlbmQiOiJ0d2l0dGVyIiwidHdpdHRlcl9zdGF0ZSI6ImowN2pzZldhUXBnV0xEVzAzV2ZwQjVkMnBOVXlBVWpJIiwidHdpdHRlcnVuYXV0aG9yaXplZF90b2tlbl9uYW1lIjpbIm9hdXRoX3Rva2VuPTM2UlMxd0FBQUFBQWtkcVNBQUFCVTBnQ09jOCZvYXV0aF90b2tlbl9zZWNyZXQ9ejJDb09JTkZlVDBuMk1nbUxSSHV5dTRtbkN6d0ZsNlcmb2F1dGhfY2FsbGJhY2tfY29uZmlybWVkPXRydWUiLCJvYXV0aF90b2tlbj1iQWs1amdBQUFBQUFrZHFTQUFBQlUwaG5jSDAmb2F1dGhfdG9rZW5fc2VjcmV0PUgxb2t5V0VKcHpuVE53dXB5NDVIVTJvY281OHowck9qJm9hdXRoX2NhbGxiYWNrX2NvbmZpcm1lZD10cnVlIiwib2F1dGhfdG9rZW49Y3VqNjF3QUFBQUFBa2RxU0FBQUJVMFh0WXJJJm9hdXRoX3Rva2VuX3NlY3JldD1CZGx5UzNrbmR2d0JQM0tWdGNNZzRxbUdtUFFVVHptZiZvYXV0aF9jYWxsYmFja19jb25maXJtZWQ9dHJ1ZSJdLCJfYXV0aF91c2VyX2JhY2tlbmQiOiJzb2NpYWwuYmFja2VuZHMudHdpdHRlci5Ud2l0dGVyT0F1dGgiLCJfYXV0aF91c2VyX2lkIjoiMiJ9','2016-03-20 10:47:59.199131'),('6eb096xyfhmwabg0n1yeywuq2fiz9a48','YjQzMWJhMzdmOTIyMDJjZTE0N2M2ZmY5ZDg3ZTAxYmY1NzQ3NDc5OTp7Il9hdXRoX3VzZXJfaGFzaCI6Ijg5ZjFmODkwYTI0MmU5NzVmNDJmNTMzZTE5ZTFiZWEyZmI3ODliZWQiLCJzb2NpYWxfYXV0aF9sYXN0X2xvZ2luX2JhY2tlbmQiOiJ0d2l0dGVyIiwidHdpdHRlcl9zdGF0ZSI6InlKOVFmTXJ1c2l3bWxidW9LbHVGZ3FkSGJ2VmxwOGZwIiwidHdpdHRlcnVuYXV0aG9yaXplZF90b2tlbl9uYW1lIjpbXSwiX2F1dGhfdXNlcl9iYWNrZW5kIjoic29jaWFsLmJhY2tlbmRzLnR3aXR0ZXIuVHdpdHRlck9BdXRoIiwiX2F1dGhfdXNlcl9pZCI6IjUifQ==','2016-03-20 12:13:57.320914'),('6fsuw5v9g1ls2h7t5rb7udzgynypp6bs','YTA1M2Y0NTVlYTZiNTc5NmZjN2NhYzdiNmU5YzVlZDcxMGJkMzU4ZTp7InR3aXR0ZXJfc3RhdGUiOiJIZmhqdFF3eVgzOGlrVVlDVDVBTG1MMFNONFdMa3ZkOSIsIl9hdXRoX3VzZXJfaWQiOiI1MyIsInNvY2lhbF9hdXRoX2xhc3RfbG9naW5fYmFja2VuZCI6InR3aXR0ZXIiLCJfYXV0aF91c2VyX2hhc2giOiI5Mjk3MTIyNWE1OWMzNmNhYTBiZmY2Yzk0NWFhYzRjNGFhZTU3MTRmIiwidHdpdHRlcnVuYXV0aG9yaXplZF90b2tlbl9uYW1lIjpbXSwiX2F1dGhfdXNlcl9iYWNrZW5kIjoic29jaWFsLmJhY2tlbmRzLnR3aXR0ZXIuVHdpdHRlck9BdXRoIn0=','2016-03-22 08:01:00.115016'),('73mq09yenwf34kf5ghr0u5ygb73amq44','NTgwNWY3MjgzNDVhYTk1Y2M5NzY0ZGFjYzQ3OTU0Nzc5YjRiNWI5YTp7Il9hdXRoX3VzZXJfaWQiOiIzNyIsInR3aXR0ZXJ1bmF1dGhvcml6ZWRfdG9rZW5fbmFtZSI6W10sInR3aXR0ZXJfc3RhdGUiOiIwYmFuNVR6VGNwcUxDR3pITVZXZVJwVHo2VkpsTFQ3ayIsInNvY2lhbF9hdXRoX2xhc3RfbG9naW5fYmFja2VuZCI6InR3aXR0ZXIiLCJfYXV0aF91c2VyX2JhY2tlbmQiOiJzb2NpYWwuYmFja2VuZHMudHdpdHRlci5Ud2l0dGVyT0F1dGgiLCJfYXV0aF91c2VyX2hhc2giOiJjMzJhZWViYmIyNDUzODQyMDhjNzNmYjkyZmExNTgyZDE3MGE4ZDU3In0=','2016-03-20 17:33:19.307039'),('75o1b009g4gqxhgs12cmduiecw5yn3n2','ODI4NmI4NTc1ZWYwMGMyMWUxZjYwMjIwM2Y5NWQ3NGFjNjc5ZDhiZjp7InR3aXR0ZXJfc3RhdGUiOiJtMUdQR3FSRDZYZlJkUHI3OWc5eDdweXlMUjRiZ3FkRyIsInR3aXR0ZXJ1bmF1dGhvcml6ZWRfdG9rZW5fbmFtZSI6WyJvYXV0aF90b2tlbj1Xd2lULUFBQUFBQUFrZHFTQUFBQlUxQXB0QXMmb2F1dGhfdG9rZW5fc2VjcmV0PWZSaU5jV3ZUOUFLMERKT0tHRHlCY3hXY2xRVkdGWmh6Jm9hdXRoX2NhbGxiYWNrX2NvbmZpcm1lZD10cnVlIl19','2016-03-21 08:20:23.834643'),('7feomtotrahqbm41j5d8zbzt4o9wixkn','MmUyNGQzNmFlNzMxNDcyZjBmZmE2NjQ2ZWM2OGExMTBmMGQwNDc3YTp7InR3aXR0ZXJfc3RhdGUiOiI3UE5IbGY5S3pMU0dncGdLbTlKV0dUdnR1cFNDZHp3MyIsIl9hdXRoX3VzZXJfaWQiOiI3NCIsInNvY2lhbF9hdXRoX2xhc3RfbG9naW5fYmFja2VuZCI6InR3aXR0ZXIiLCJfYXV0aF91c2VyX2hhc2giOiI1YTc3ZWI2YTI1NTNjNWYyMTU0Mzc1MjE1MDdlYzE4YTYzNDczYzFjIiwidHdpdHRlcnVuYXV0aG9yaXplZF90b2tlbl9uYW1lIjpbXSwiX2F1dGhfdXNlcl9iYWNrZW5kIjoic29jaWFsLmJhY2tlbmRzLnR3aXR0ZXIuVHdpdHRlck9BdXRoIn0=','2016-03-22 11:20:09.345257'),('7j3cg5nxgadmzhxizbyfx63es6pbgpca','ZTVhNjE0ZjY5MDlkMGJkN2MwZWU2M2MyM2RlMzFjMjNlMWYzNDEyYjp7Il9hdXRoX3VzZXJfaGFzaCI6IjViMjZmOGEwM2U3YTU5MzhiNmQ1N2M3NmZlYTdlN2Q3NzdjYTM3NGMiLCJzb2NpYWxfYXV0aF9sYXN0X2xvZ2luX2JhY2tlbmQiOiJ0d2l0dGVyIiwidHdpdHRlcl9zdGF0ZSI6IkxWaDJDY2tGd2VTSFRtdkNONmEwaXBLd3JhN3VhcEpZIiwidHdpdHRlcnVuYXV0aG9yaXplZF90b2tlbl9uYW1lIjpbXSwiX2F1dGhfdXNlcl9iYWNrZW5kIjoic29jaWFsLmJhY2tlbmRzLnR3aXR0ZXIuVHdpdHRlck9BdXRoIiwiX2F1dGhfdXNlcl9pZCI6IjEyIn0=','2016-03-20 12:26:30.828527'),('7rq5kgsnfmyym4viqyixkqb1y3z2nmsa','NDJiN2Y1OWY5NzI1ZjdlZTYwMGE5ODg1MTIyYTRiNDdmYmJhZmU3OTp7Il9hdXRoX3VzZXJfaWQiOiI0MSIsInR3aXR0ZXJ1bmF1dGhvcml6ZWRfdG9rZW5fbmFtZSI6W10sInR3aXR0ZXJfc3RhdGUiOiJuSENZb3h0dUliWk1TRG1neEZYU3B2ckVSVElMMUt5NyIsInNvY2lhbF9hdXRoX2xhc3RfbG9naW5fYmFja2VuZCI6InR3aXR0ZXIiLCJfYXV0aF91c2VyX2JhY2tlbmQiOiJzb2NpYWwuYmFja2VuZHMudHdpdHRlci5Ud2l0dGVyT0F1dGgiLCJfYXV0aF91c2VyX2hhc2giOiIxMjMxMGYzZGJmNjNiNTliOGE2NGIzZTE2NWI5ODIwYWMyOGRhZDFkIn0=','2016-03-20 17:12:38.892192'),('7rs81r8f5zje9bfs0ve3myaeknfauepw','MTQzZGE3NTJiN2ZkMzMxOWU4NDU3MDg2MGE3NDkyNDllYjhhMWFmZTp7Il9hdXRoX3VzZXJfaWQiOiI2OSIsInR3aXR0ZXJ1bmF1dGhvcml6ZWRfdG9rZW5fbmFtZSI6W10sInNvY2lhbF9hdXRoX2xhc3RfbG9naW5fYmFja2VuZCI6InR3aXR0ZXIiLCJfYXV0aF91c2VyX2hhc2giOiJkODg3M2I5NmM4OGFjZjA2ZGQwMWNiM2JhM2NiYzQ5NzZkMGU1ZGYwIiwidHdpdHRlcl9zdGF0ZSI6Ilc1bFBVNkI3YTlsUmF6SEwzY2F4Y0ZYbDhXNW9QS255IiwiX2F1dGhfdXNlcl9iYWNrZW5kIjoic29jaWFsLmJhY2tlbmRzLnR3aXR0ZXIuVHdpdHRlck9BdXRoIn0=','2016-03-21 11:00:43.015324'),('8dls1xtzpper1thgl0jetibuynrg6rzw','NzRkYWFjMDJmYTcxMTFmZDg5NWZhYThkZjMxNWE0NGVhZTcxNGUyZDp7InR3aXR0ZXJfc3RhdGUiOiJWTlZnSnNwdjBPUUszdVpxZ0hWZ0h0UHhzRDU5aTJiNyIsInR3aXR0ZXJ1bmF1dGhvcml6ZWRfdG9rZW5fbmFtZSI6WyJvYXV0aF90b2tlbj11aGFGUUFBQUFBQUFrZHFTQUFBQlUwNG1SZ0Umb2F1dGhfdG9rZW5fc2VjcmV0PWhZTHZnVElyTExONVI0dzdkYmt0T2U5bFVjdGdnbDB1Jm9hdXRoX2NhbGxiYWNrX2NvbmZpcm1lZD10cnVlIiwib2F1dGhfdG9rZW49Y0Z5SXFnQUFBQUFBa2RxU0FBQUJVMDRtU3NvJm9hdXRoX3Rva2VuX3NlY3JldD1BVzV1VWpxaVJndmVXSXZib0hIeVh3azZoOFVaS0lsSyZvYXV0aF9jYWxsYmFja19jb25maXJtZWQ9dHJ1ZSJdfQ==','2016-03-20 22:57:25.857699'),('8gocnspan27kov6azleo0umvzro525er','ZDdlN2U2MWUwYzdiNWE0ZWY4MDk2ZDBhMjI1YTc5ODViMjZhNDY2ZTp7InR3aXR0ZXJfc3RhdGUiOiJRb3I0NGdOeFk2Ynd3N2dmdVNxQnhkWjNrQ3RQOVRHWiIsInR3aXR0ZXJ1bmF1dGhvcml6ZWRfdG9rZW5fbmFtZSI6WyJvYXV0aF90b2tlbj1qWFZNMVFBQUFBQUFrZHFTQUFBQlUwN3NpMTgmb2F1dGhfdG9rZW5fc2VjcmV0PVhxTGdtcDdtWGFkclE5bnFNaTNUUm14bXM0cXF0dDA2Jm9hdXRoX2NhbGxiYWNrX2NvbmZpcm1lZD10cnVlIl19','2016-03-21 02:33:58.516370'),('8qcht5mmw3qh225f9edasjpza74e4h93','ODdkNTRhYzY5MDYyOGQ0YzZjMjg1OGRhNGI4MTRmNmQ2YmVlMzUyZDp7Il9hdXRoX3VzZXJfaGFzaCI6ImIzNzJkM2VkYzIwZmY5YmVlMjc1OTFiYWNiZWUzOGQyZTkzZmE1YWEiLCJzb2NpYWxfYXV0aF9sYXN0X2xvZ2luX2JhY2tlbmQiOiJ0d2l0dGVyIiwidHdpdHRlcl9zdGF0ZSI6InZleUhjQzh1SFZhZGRlSmdSbGxLSFg5ajdOdnZOQ013IiwidHdpdHRlcnVuYXV0aG9yaXplZF90b2tlbl9uYW1lIjpbXSwiX2F1dGhfdXNlcl9iYWNrZW5kIjoic29jaWFsLmJhY2tlbmRzLnR3aXR0ZXIuVHdpdHRlck9BdXRoIiwiX2F1dGhfdXNlcl9pZCI6IjIzIn0=','2016-03-20 13:31:19.219500'),('91xe23i2n258zcgm0j4ll47lmt4khem0','NzU2MWYyZjMzZWFhMjgxZmY1NTQxZDJjZTRiYzQ4NmZkODkwYzM0Yjp7Il9hdXRoX3VzZXJfaWQiOiIzNiIsInR3aXR0ZXJ1bmF1dGhvcml6ZWRfdG9rZW5fbmFtZSI6W10sInR3aXR0ZXJfc3RhdGUiOiI0NHVaa2xJTVUxSHRqTjZuVTVrNHZyajF5eDFHWTFITyIsInNvY2lhbF9hdXRoX2xhc3RfbG9naW5fYmFja2VuZCI6InR3aXR0ZXIiLCJfYXV0aF91c2VyX2JhY2tlbmQiOiJzb2NpYWwuYmFja2VuZHMudHdpdHRlci5Ud2l0dGVyT0F1dGgiLCJfYXV0aF91c2VyX2hhc2giOiJlZmNiYzFkMWRiZGJiYjJhOTJhNTlkZGZkYzYyNjAzNDAyNGQ1MWQzIn0=','2016-03-20 15:28:49.860481'),('9ial2dmus93hocwyb06wg1gpd388na1z','ODgyOTQxZTVjMzNiOTY5YzljNjdlMjM2OWExZjFjNTExZDIxYmVhNzp7Il9hdXRoX3VzZXJfaWQiOiI0NiIsInR3aXR0ZXJ1bmF1dGhvcml6ZWRfdG9rZW5fbmFtZSI6WyJvYXV0aF90b2tlbj14dzA4a2dBQUFBQUFrZHFTQUFBQlUwNnpLM2Mmb2F1dGhfdG9rZW5fc2VjcmV0PURxMENyVUN4Wnc2ZWtxNENHNTZEU2lyb3JsdkF1OE1yJm9hdXRoX2NhbGxiYWNrX2NvbmZpcm1lZD10cnVlIl0sInR3aXR0ZXJfc3RhdGUiOiJESWpHZEFDUHRwZW1NUGRBUktFdWE4bk5RM3VBWlZxViIsInNvY2lhbF9hdXRoX2xhc3RfbG9naW5fYmFja2VuZCI6InR3aXR0ZXIiLCJfYXV0aF91c2VyX2JhY2tlbmQiOiJzb2NpYWwuYmFja2VuZHMudHdpdHRlci5Ud2l0dGVyT0F1dGgiLCJfYXV0aF91c2VyX2hhc2giOiJmYWY2YTcyMDc1ZjQyOTI1NGUyNjU3YzVkZTQ0ODdiODNjODY3NmQ0In0=','2016-03-21 01:35:12.809907'),('9iam71wob9qbbxabag2tlo75k91qy1ry','N2EzYjMzNzVmZjhjYWMxMzk1YzczYzM3Y2JlMGM4ZjlhYWExM2Y3Mzp7Il9hdXRoX3VzZXJfaWQiOiI2NCIsInR3aXR0ZXJ1bmF1dGhvcml6ZWRfdG9rZW5fbmFtZSI6W10sInR3aXR0ZXJfc3RhdGUiOiJTbFZMbWtNWXBCU1llTHBrSVkwUEp0dUYwRzBoN0VlUSIsInNvY2lhbF9hdXRoX2xhc3RfbG9naW5fYmFja2VuZCI6InR3aXR0ZXIiLCJfYXV0aF91c2VyX2JhY2tlbmQiOiJzb2NpYWwuYmFja2VuZHMudHdpdHRlci5Ud2l0dGVyT0F1dGgiLCJfYXV0aF91c2VyX2hhc2giOiI3NDJlNmUyMjlmMTY2NGI4MTk3OTA4ODBjYmU5OGQyNWE3Y2Y3YzM5In0=','2016-03-21 04:02:45.292946'),('9lvk4odh56ukyat4ftntvko8gcq9ygm4','MmU2M2RhYmM0ODAzOWYxNGI1YjhlYmY5ODVmZWNjYjZhMDE4MjM1OTp7Il9hdXRoX3VzZXJfaWQiOiI2OCIsInR3aXR0ZXJ1bmF1dGhvcml6ZWRfdG9rZW5fbmFtZSI6W10sInNvY2lhbF9hdXRoX2xhc3RfbG9naW5fYmFja2VuZCI6InR3aXR0ZXIiLCJfYXV0aF91c2VyX2hhc2giOiI1NWM4NDcxYTllNThmN2RlNzllY2E2ZTVmY2JmZjFiODNlODU0Mzg3IiwidHdpdHRlcl9zdGF0ZSI6IjNOYUQ4VmZMME1IYlRTRHRzenhoSXk0WFE0VFJVQnRiIiwiX2F1dGhfdXNlcl9iYWNrZW5kIjoic29jaWFsLmJhY2tlbmRzLnR3aXR0ZXIuVHdpdHRlck9BdXRoIn0=','2016-03-21 10:33:32.883800'),('9wz0acjtknvgnw0b8037pcxfb0rwrksk','YzI5NTFkZTIyNjFmMDQxY2Q0MGZkODRiZTIzMDFjOWE3NTg4MGYzODp7Il9hdXRoX3VzZXJfaWQiOiI0MyIsInR3aXR0ZXJ1bmF1dGhvcml6ZWRfdG9rZW5fbmFtZSI6W10sInR3aXR0ZXJfc3RhdGUiOiJhVEVTTExrak5IRzJEUDJOMlI0YnV0d3JuSzdqR3B4MiIsInNvY2lhbF9hdXRoX2xhc3RfbG9naW5fYmFja2VuZCI6InR3aXR0ZXIiLCJfYXV0aF91c2VyX2JhY2tlbmQiOiJzb2NpYWwuYmFja2VuZHMudHdpdHRlci5Ud2l0dGVyT0F1dGgiLCJfYXV0aF91c2VyX2hhc2giOiI3NDk0NzJiYTVmOTNhYTBhNzYzZmYxMjVkZGZkNDAxYTM0YWVkYzE2In0=','2016-03-20 19:15:04.354503'),('a1pjjqlbr7d3dd9yatb0lj39h0jgvx7c','MWEwNjY5M2IyMjA0OGY3ZDA1MWUxYzllNDM3NWZhODM3ODgyMjhhYzp7Il9hdXRoX3VzZXJfaWQiOiIyNCIsInR3aXR0ZXJ1bmF1dGhvcml6ZWRfdG9rZW5fbmFtZSI6WyJvYXV0aF90b2tlbj1Ddlp1WndBQUFBQUFrZHFTQUFBQlUwdzM5Vlkmb2F1dGhfdG9rZW5fc2VjcmV0PVp0WmNmQkdKNllZVW1YREVVbVozSjNPQVA3VU5kU2haJm9hdXRoX2NhbGxiYWNrX2NvbmZpcm1lZD10cnVlIl0sInR3aXR0ZXJfc3RhdGUiOiJLeWxCdW5aaE4ycEpKdThqV2RBVllBWmtmOEtJUkpCZyIsInNvY2lhbF9hdXRoX2xhc3RfbG9naW5fYmFja2VuZCI6InR3aXR0ZXIiLCJfYXV0aF91c2VyX2JhY2tlbmQiOiJzb2NpYWwuYmFja2VuZHMudHdpdHRlci5Ud2l0dGVyT0F1dGgiLCJfYXV0aF91c2VyX2hhc2giOiI0ZGQ4NzJlMjAxNzM0ZmU1OWQ1OWJiYjE3MGNiYTI0ZmFlOTQyYTRmIn0=','2016-03-20 13:57:41.706707'),('b6m5hwk4ptoy6purd44hlf8lj11gn12r','Y2E3N2Y1M2RlYTczOGUzNzI4YThiMWMzN2RmZTJlOGRmNDhjMDMxNjp7InR3aXR0ZXJfc3RhdGUiOiJLN3gyQTk2VkdPYzQ1YlBkQ1VJOGREWEh4YmZyVjJyUCIsIl9hdXRoX3VzZXJfaWQiOiIyMiIsInNvY2lhbF9hdXRoX2xhc3RfbG9naW5fYmFja2VuZCI6InR3aXR0ZXIiLCJfYXV0aF91c2VyX2hhc2giOiJiMmVkNDQwZWM3ZWE0MTcyYjFjYTJiMWU2MmVjZTJhNDNhMWJkYTA4IiwidHdpdHRlcnVuYXV0aG9yaXplZF90b2tlbl9uYW1lIjpbXSwiX2F1dGhfdXNlcl9iYWNrZW5kIjoic29jaWFsLmJhY2tlbmRzLnR3aXR0ZXIuVHdpdHRlck9BdXRoIn0=','2016-03-22 08:50:50.747654'),('b8mucaswyx5ts0mu1ambr0usleqep216','MmQzYTBkYTgzZGRkN2U4YWM5MTk0MjU0ZDM4NmEyNmU1Nzk5ZmQxYjp7InR3aXR0ZXJfc3RhdGUiOiIwaVEzRm4xalhMalRDVVVDN1RlbUNYRjliWkdLWGxhVyIsIl9hdXRoX3VzZXJfaWQiOiI3NSIsInNvY2lhbF9hdXRoX2xhc3RfbG9naW5fYmFja2VuZCI6InR3aXR0ZXIiLCJfYXV0aF91c2VyX2hhc2giOiJhOGQ5NTNmNTAzZDZiMGQ5YjFjNDBhNjc2NjkzZGQ2NzA5ZmZhMzY3IiwidHdpdHRlcnVuYXV0aG9yaXplZF90b2tlbl9uYW1lIjpbXSwiX2F1dGhfdXNlcl9iYWNrZW5kIjoic29jaWFsLmJhY2tlbmRzLnR3aXR0ZXIuVHdpdHRlck9BdXRoIn0=','2016-03-22 11:53:56.967325'),('b8w7462615rqtlwa0ujhvp5ltekam0ad','ZmZhMzk3ZjUyYTI4NTUyMDEyNjE3MjM3NjY5OTU2N2EwY2U3OTBlMjp7Il9hdXRoX3VzZXJfaGFzaCI6ImQzYWZlOWY2Yzc5MmZhYjRmYTIzMmU4YmU0MmZmYmY2YTA0YzJlNzEiLCJzb2NpYWxfYXV0aF9sYXN0X2xvZ2luX2JhY2tlbmQiOiJ0d2l0dGVyIiwidHdpdHRlcl9zdGF0ZSI6Ik9jdVhaaGhEZDNubzBDRVlzd09HWXo2aW9FTVd0REtkIiwidHdpdHRlcnVuYXV0aG9yaXplZF90b2tlbl9uYW1lIjpbXSwiX2F1dGhfdXNlcl9iYWNrZW5kIjoic29jaWFsLmJhY2tlbmRzLnR3aXR0ZXIuVHdpdHRlck9BdXRoIiwiX2F1dGhfdXNlcl9pZCI6IjYifQ==','2016-03-20 12:14:15.618563'),('blwskufve3598q5czes73g789vdjxour','ZWM3Mzk1MWEyMTM3NzYwNDQ1OTcyYmRjYWM0YjU3MWE4ODc1NjQ2Mjp7InR3aXR0ZXJfc3RhdGUiOiI4eXlMQ0VRUTk4aFNwOG1Wd29ackFZazBSM2d6MEhWbSIsInR3aXR0ZXJ1bmF1dGhvcml6ZWRfdG9rZW5fbmFtZSI6WyJvYXV0aF90b2tlbj1YZWdhcXdBQUFBQUFrZHFTQUFBQlUweHhqS1kmb2F1dGhfdG9rZW5fc2VjcmV0PTM4WXRKcGFVU0RxV1NHNlBPNVBtNjFBbUdweE5Udk5CJm9hdXRoX2NhbGxiYWNrX2NvbmZpcm1lZD10cnVlIl19','2016-03-20 15:00:23.473260'),('bqme1fa2kie6rtu914x8ita1yu6jfurj','N2MyY2U3MDhhMWU2NTkzOWZlMzg0OTZkOGFjZDUwZDRlYzVkNThkNDp7Il9hdXRoX3VzZXJfaWQiOiI0OSIsInR3aXR0ZXJ1bmF1dGhvcml6ZWRfdG9rZW5fbmFtZSI6W10sInR3aXR0ZXJfc3RhdGUiOiJMSlIyeTdhSThlTFhHVFBVM2RwMXZyOTNoRHc5Vml6WiIsInNvY2lhbF9hdXRoX2xhc3RfbG9naW5fYmFja2VuZCI6InR3aXR0ZXIiLCJfYXV0aF91c2VyX2JhY2tlbmQiOiJzb2NpYWwuYmFja2VuZHMudHdpdHRlci5Ud2l0dGVyT0F1dGgiLCJfYXV0aF91c2VyX2hhc2giOiJhNjk1MmQzZmQ1OTY1MjA0NjJjMGYwNTVlY2QzZTY5MDY5MGVlMTg3In0=','2016-03-21 02:18:24.915343'),('byi62nd4ijznr6zqg2emaclor0gq8q3i','YTNhMmIzOTM4M2ZiYTBjMTgzN2U0NTk1MWMxOGRlOTViOTY1NDhkYTp7Il9hdXRoX3VzZXJfaGFzaCI6ImY1MTVmZWQ1YTlhYzFhOWQ2MDA2N2RiZjYwNjcxNWJmNzRlZTIyMjgiLCJzb2NpYWxfYXV0aF9sYXN0X2xvZ2luX2JhY2tlbmQiOiJ0d2l0dGVyIiwidHdpdHRlcl9zdGF0ZSI6IlhjdjNMemhoeW9tVEdZRkw0SE1uUWp4R0NKU0dJOWhOIiwidHdpdHRlcnVuYXV0aG9yaXplZF90b2tlbl9uYW1lIjpbXSwiX2F1dGhfdXNlcl9iYWNrZW5kIjoic29jaWFsLmJhY2tlbmRzLnR3aXR0ZXIuVHdpdHRlck9BdXRoIiwiX2F1dGhfdXNlcl9pZCI6IjIwIn0=','2016-03-20 12:55:54.201701'),('ceofovlcekj7hahebztwxwdxa6hruygs','Y2YzYjk0ZTg5NTA1YzBmMTRkZmJiYzBhMTMyZDZmYWNjZmYyM2RkNDp7Il9hdXRoX3VzZXJfaWQiOiI3MiIsInR3aXR0ZXJfc3RhdGUiOiJOOGpUWk0wZW1vQjVOSFpiekQ2YmNUOEJMY3VVWk55cSIsIl9hdXRoX3VzZXJfYmFja2VuZCI6InNvY2lhbC5iYWNrZW5kcy50d2l0dGVyLlR3aXR0ZXJPQXV0aCIsInNvY2lhbF9hdXRoX2xhc3RfbG9naW5fYmFja2VuZCI6InR3aXR0ZXIiLCJfYXV0aF91c2VyX2hhc2giOiI1MDQxMzZmYjYyY2IxNGRlOTkwMjYyMTIwZmVmMTViOTg0YjEyZjIyIiwidHdpdHRlcnVuYXV0aG9yaXplZF90b2tlbl9uYW1lIjpbXX0=','2016-03-21 17:09:06.881434'),('co0nin4eiul3nxucl1zwnzxr42xjefab','YzE1NDMyYzZmZDI0M2VhZWMyZTlhMmM5OGY0MzA0ZjEyMDg4MDE5ZDp7InR3aXR0ZXJfc3RhdGUiOiJ6S2pCN0oxR1NKVU1BclBMYWFLdElhcjRPdUlWcW5UNiIsInR3aXR0ZXJ1bmF1dGhvcml6ZWRfdG9rZW5fbmFtZSI6WyJvYXV0aF90b2tlbj16d3EyOHdBQUFBQUFrZHFTQUFBQlUxVjFRUE0mb2F1dGhfdG9rZW5fc2VjcmV0PTF5ZzBsM21kNGQ1MnJjYnd4Q045d2IwSXJZQVg3QWw5Jm9hdXRoX2NhbGxiYWNrX2NvbmZpcm1lZD10cnVlIl19','2016-03-22 09:01:01.190697'),('cv84rxh9qubggzmyw5vu07o9sr5l4k61','NDAyNzZjY2FiYjE3MmUxMGMxNTVkYWIxOWZiNmJiMDI0NzY5MzJhNzp7Il9hdXRoX3VzZXJfaWQiOiI0NyIsInR3aXR0ZXJ1bmF1dGhvcml6ZWRfdG9rZW5fbmFtZSI6W10sInR3aXR0ZXJfc3RhdGUiOiJKam03M2xXVkJBNzFCQVNES0JwcXlBdDR1a3pwUlFqQiIsInNvY2lhbF9hdXRoX2xhc3RfbG9naW5fYmFja2VuZCI6InR3aXR0ZXIiLCJfYXV0aF91c2VyX2JhY2tlbmQiOiJzb2NpYWwuYmFja2VuZHMudHdpdHRlci5Ud2l0dGVyT0F1dGgiLCJfYXV0aF91c2VyX2hhc2giOiIyZDcxN2ZiYmYwZGQzZGYwMWU0MDViMDEyOTkzM2M1OThmNGY0OTk4In0=','2016-03-21 01:38:34.653642'),('d96l610ea6obo34yqjje445s0f2tkacr','ZDVhNzkzYWI0ODY3YzI3Zjk2ODY4NjQ4ZDViZWE1OGI3OTdlOTYzNDp7InR3aXR0ZXJfc3RhdGUiOiJNdWxTVmpubGQxNGVBZUFjbDVXRm9qYzdVbmlSV2VGViIsInR3aXR0ZXJ1bmF1dGhvcml6ZWRfdG9rZW5fbmFtZSI6WyJvYXV0aF90b2tlbj1TQUtZTEFBQUFBQUFrZHFTQUFBQlUweUwyZjQmb2F1dGhfdG9rZW5fc2VjcmV0PTY5RHFYRVM4a3ppQmxOSXo5c1VtS29rVjZWODVVbUR0Jm9hdXRoX2NhbGxiYWNrX2NvbmZpcm1lZD10cnVlIl19','2016-03-20 15:29:07.208515'),('da97ba60nhkyyqvya7ak0e9o1yxrn88m','ZTE1M2Q2OTcxYzU4ZGQxMjFhNTAyY2U1YjIwMjEzNmZkYzIyZTg1Zjp7InR3aXR0ZXJfc3RhdGUiOiJhZWJ6bnEyNU5FZjhRajd2aEhzVHFaY1kzVVpDTUpLbyIsInR3aXR0ZXJ1bmF1dGhvcml6ZWRfdG9rZW5fbmFtZSI6WyJvYXV0aF90b2tlbj1JdXQxaUFBQUFBQUFrZHFTQUFBQlUxTjFnUE0mb2F1dGhfdG9rZW5fc2VjcmV0PTI2aHdNcjhkZGVCMDd1S3NtbGpuckRLbWFxS2RZb3pXJm9hdXRoX2NhbGxiYWNrX2NvbmZpcm1lZD10cnVlIl19','2016-03-21 23:42:03.136965'),('e6910fewgrursad95go1cr6mywyi423o','YjM2OGVmNDQ4ZDIxM2Y0NzZlYTRlZjIwZmZjMDkzOGZiODgyZjZiYTp7Il9hdXRoX3VzZXJfaWQiOiIzNyIsInR3aXR0ZXJ1bmF1dGhvcml6ZWRfdG9rZW5fbmFtZSI6W10sInR3aXR0ZXJfc3RhdGUiOiI3bDA0QWFoaFd5ZDZqQjM2ckc3SlJONkJjcW9LWWVXWCIsInNvY2lhbF9hdXRoX2xhc3RfbG9naW5fYmFja2VuZCI6InR3aXR0ZXIiLCJfYXV0aF91c2VyX2JhY2tlbmQiOiJzb2NpYWwuYmFja2VuZHMudHdpdHRlci5Ud2l0dGVyT0F1dGgiLCJfYXV0aF91c2VyX2hhc2giOiJjMzJhZWViYmIyNDUzODQyMDhjNzNmYjkyZmExNTgyZDE3MGE4ZDU3In0=','2016-03-20 15:28:51.274852'),('ejcx6dzp4ynk78f64umt66oms58io31r','MGRhOGRiZDc5NDVhODM1M2VjMGQ3OGY2OWYzNTlmNzYzMWEwZjEzNTp7InR3aXR0ZXJfc3RhdGUiOiJPSDNNWnJKc3FBRU93ZXZVS3luanU1RVpiWVNWV0dUSSIsInR3aXR0ZXJ1bmF1dGhvcml6ZWRfdG9rZW5fbmFtZSI6WyJvYXV0aF90b2tlbj1xdE1IUEFBQUFBQUFrZHFTQUFBQlUxUWtOWUkmb2F1dGhfdG9rZW5fc2VjcmV0PTZKZzlwZ2FJelpDRWhBdTNGS3hEMUQ1VElDSVZMSERJJm9hdXRoX2NhbGxiYWNrX2NvbmZpcm1lZD10cnVlIiwib2F1dGhfdG9rZW49S054S1ZnQUFBQUFBa2RxU0FBQUJVMVFtZ3dnJm9hdXRoX3Rva2VuX3NlY3JldD13eXVFRFh5WFJnWk5RejhIckhyZ20wREpOOXZDWjZWdCZvYXV0aF9jYWxsYmFja19jb25maXJtZWQ9dHJ1ZSIsIm9hdXRoX3Rva2VuPVNRUXBRd0FBQUFBQWtkcVNBQUFCVTFRc29XZyZvYXV0aF90b2tlbl9zZWNyZXQ9Uk1sa1YwTVU5YkZCWkhDTVhnbG1YQXVJaWNkOFg3VmImb2F1dGhfY2FsbGJhY2tfY29uZmlybWVkPXRydWUiLCJvYXV0aF90b2tlbj1ULTZWbWdBQUFBQUFrZHFTQUFBQlUxUXN6RWsmb2F1dGhfdG9rZW5fc2VjcmV0PW0wVmQ0UlJ5SklZbTJIc1QyZUxMNk1sWkZzcHZETVhUJm9hdXRoX2NhbGxiYWNrX2NvbmZpcm1lZD10cnVlIiwib2F1dGhfdG9rZW49RkQ4cHBBQUFBQUFBa2RxU0FBQUJVMVJPZlNVJm9hdXRoX3Rva2VuX3NlY3JldD01TFlOcWdhRXVRWmdJeHRqdnhXeGVWSzNUMzFsNjl4TSZvYXV0aF9jYWxsYmFja19jb25maXJtZWQ9dHJ1ZSJdfQ==','2016-03-22 03:39:03.467733'),('el584r2r45s2tj1paqr7jma0jfcqngmf','MTM1YjE2ODU4Y2JmNjFlYjY2NzUxOWU4ODM2OGI2MDE3M2U0ZTM3ODp7Il9hdXRoX3VzZXJfaWQiOiI1NCIsInR3aXR0ZXJ1bmF1dGhvcml6ZWRfdG9rZW5fbmFtZSI6WyJvYXV0aF90b2tlbj1XU2xZMkFBQUFBQUFrZHFTQUFBQlUwNzR2Wm8mb2F1dGhfdG9rZW5fc2VjcmV0PXUxeG1Gd1RORFYxY0hicEhEalRHVEl4YnhXMEVlNW1GJm9hdXRoX2NhbGxiYWNrX2NvbmZpcm1lZD10cnVlIl0sInR3aXR0ZXJfc3RhdGUiOiJ3eW1weEdmSzNiTHRMZ0Q5dVhCUkFxNkhQMkRZTk5RbCIsInNvY2lhbF9hdXRoX2xhc3RfbG9naW5fYmFja2VuZCI6InR3aXR0ZXIiLCJfYXV0aF91c2VyX2JhY2tlbmQiOiJzb2NpYWwuYmFja2VuZHMudHdpdHRlci5Ud2l0dGVyT0F1dGgiLCJfYXV0aF91c2VyX2hhc2giOiI4MTljNDU2ODVmMmQ5ZGRhNzNlZGMxYjMyNmIxODcyMjU5MjMyYzg0In0=','2016-03-21 02:51:36.307607'),('fhwvmb0rpai5hvf3rrhx0ccm52dzn2ho','MTM5NjA1NzBlOTQ3ZTI5YWRkNjliMDE3MzY5OWU2YzMxOGU5NjcxNDp7Il9hdXRoX3VzZXJfaWQiOiIzMSIsInR3aXR0ZXJ1bmF1dGhvcml6ZWRfdG9rZW5fbmFtZSI6W10sInR3aXR0ZXJfc3RhdGUiOiJRdUVjODFKT05JcWhrRGRtUUJhSXpPZzFMeWZZWm8xcyIsInNvY2lhbF9hdXRoX2xhc3RfbG9naW5fYmFja2VuZCI6InR3aXR0ZXIiLCJfYXV0aF91c2VyX2JhY2tlbmQiOiJzb2NpYWwuYmFja2VuZHMudHdpdHRlci5Ud2l0dGVyT0F1dGgiLCJfYXV0aF91c2VyX2hhc2giOiI0MmYwZDAzMWYzYTA1MzU3Yjg3ZThkYWEzNTE1NmQ2NjBkYzhjYjBhIn0=','2016-03-20 14:44:13.491300'),('fr14or6etmv2kkyw071bq453e8b6juh5','NjY2Y2ZiYzg1ZTQ2NzgzNmQxZGExMzg0ZjE5OTU5Yjk4ZmE3NjQyYTp7Il9hdXRoX3VzZXJfaGFzaCI6ImM3ZDFiM2Y0NzgzNjg3NzE1OGUyYTY2ZDE3MTFhNTc5YTk3MWQxMWIiLCJzb2NpYWxfYXV0aF9sYXN0X2xvZ2luX2JhY2tlbmQiOiJ0d2l0dGVyIiwidHdpdHRlcl9zdGF0ZSI6Ik0wUGhyeEdGNWhYV2t2RmdBTjFCZTlTOGlSMmwwR1pZIiwidHdpdHRlcnVuYXV0aG9yaXplZF90b2tlbl9uYW1lIjpbXSwiX2F1dGhfdXNlcl9iYWNrZW5kIjoic29jaWFsLmJhY2tlbmRzLnR3aXR0ZXIuVHdpdHRlck9BdXRoIiwiX2F1dGhfdXNlcl9pZCI6IjE4In0=','2016-03-20 12:43:54.788540'),('fz4ti1fhr0wffqkxd0o7zqkzqn3toevu','NjE0MTVlNmIyM2I4Y2RlYzIwZDM5MWMzODU5M2U4MTY1OTI0OTI4NTp7Il9hdXRoX3VzZXJfaWQiOiI2MyIsInR3aXR0ZXJ1bmF1dGhvcml6ZWRfdG9rZW5fbmFtZSI6W10sInR3aXR0ZXJfc3RhdGUiOiI5RkFXV0liTUZLM3FJbXlrWEhJOGExcHhwNDAzVEVJaSIsInNvY2lhbF9hdXRoX2xhc3RfbG9naW5fYmFja2VuZCI6InR3aXR0ZXIiLCJfYXV0aF91c2VyX2JhY2tlbmQiOiJzb2NpYWwuYmFja2VuZHMudHdpdHRlci5Ud2l0dGVyT0F1dGgiLCJfYXV0aF91c2VyX2hhc2giOiJhMzNiY2UxOWNlMGJiZGFkYzYwM2U4MzcxNzNlNjg3YmZiZmFlOGZiIn0=','2016-03-21 03:46:23.693537'),('g1deqowmna1w7s85sgq9qqre4e0s7qu3','OTI4MzA0NDM5ODExN2I0YzM3M2U2MmUyZWE3MmJiM2Y1OTlkYTczYTp7InR3aXR0ZXJfc3RhdGUiOiI5ckM5WldxemR2bHBLSTNkRGpjczVCdFpKNmE3WkZIViIsInR3aXR0ZXJ1bmF1dGhvcml6ZWRfdG9rZW5fbmFtZSI6WyJvYXV0aF90b2tlbj1ka2t2UVFBQUFBQUFrZHFTQUFBQlUxUXR6WGMmb2F1dGhfdG9rZW5fc2VjcmV0PXlLOFhmRGh4eEZ5QkMyOHJONDIzd1BSUEw2ZFNjdE1WJm9hdXRoX2NhbGxiYWNrX2NvbmZpcm1lZD10cnVlIl19','2016-03-22 03:03:21.344436'),('gm8vwgxsmqhhhbehbptzsjxcysu2kweu','NDI1OTYxNzQ0NWEyYTE1NmJhNGRlNzc1YmJhMTI3ZDNkN2YzYzMyMjp7Il9hdXRoX3VzZXJfaWQiOiI1OCIsInR3aXR0ZXJ1bmF1dGhvcml6ZWRfdG9rZW5fbmFtZSI6W10sInR3aXR0ZXJfc3RhdGUiOiJEQkVLVTFBeWp6OG9jdFhQdXlKN1VseEJLVXdPSXlZeiIsInNvY2lhbF9hdXRoX2xhc3RfbG9naW5fYmFja2VuZCI6InR3aXR0ZXIiLCJfYXV0aF91c2VyX2JhY2tlbmQiOiJzb2NpYWwuYmFja2VuZHMudHdpdHRlci5Ud2l0dGVyT0F1dGgiLCJfYXV0aF91c2VyX2hhc2giOiIzZTQxNTUzMWU0OTU3YzViZTcyOTU0MTFiODIxYmFiZWYxYjEzNDVmIn0=','2016-03-21 03:17:59.856557'),('gt1fnnq5ipxpx89vaienjc5hvz8brkg6','YTEyZDU1YThiYTY5MzA3Nzg4YzZhY2I0NzgxMDMyNWZmNzJjNzRkODp7InR3aXR0ZXJ1bmF1dGhvcml6ZWRfdG9rZW5fbmFtZSI6W10sIl9hdXRoX3VzZXJfaGFzaCI6IjA1NWRkMzVkMDMxODRjZDRjYzNjMTEwYzhmMWVkNTNkZDk0ZjYzMzkiLCJfYXV0aF91c2VyX2JhY2tlbmQiOiJzb2NpYWwuYmFja2VuZHMudHdpdHRlci5Ud2l0dGVyT0F1dGgiLCJ0d2l0dGVyX3N0YXRlIjoiaUlqMEdzdTYxTVJ0VE1oWkZVekF4cTUzU3lQYXVsRWYiLCJzb2NpYWxfYXV0aF9sYXN0X2xvZ2luX2JhY2tlbmQiOiJ0d2l0dGVyIiwiX2F1dGhfdXNlcl9pZCI6IjIifQ==','2016-03-21 18:17:54.337476'),('gyp79wzdd5twzf3qdyyux6ohs8rifpmf','NmFjYzIyOGYxNzMwNDBmZDdjMTljZmI0OWZiOTk2YzlhMGUxZWJhYjp7Il9hdXRoX3VzZXJfaGFzaCI6IjI2ZWQzMzE0YWYzMjJkN2ZhMTFmYTY2NjA4YmIzNDIwZDBiMzQwYTAiLCJzb2NpYWxfYXV0aF9sYXN0X2xvZ2luX2JhY2tlbmQiOiJ0d2l0dGVyIiwidHdpdHRlcl9zdGF0ZSI6Ilk0ejhXVnpGQUU4bGUweXlNY25MU3d3cU5TdjdUcHVFIiwidHdpdHRlcnVuYXV0aG9yaXplZF90b2tlbl9uYW1lIjpbXSwiX2F1dGhfdXNlcl9iYWNrZW5kIjoic29jaWFsLmJhY2tlbmRzLnR3aXR0ZXIuVHdpdHRlck9BdXRoIiwiX2F1dGhfdXNlcl9pZCI6IjEzIn0=','2016-03-20 12:30:59.288245'),('h7n3znhtukq7soo8nkzaqogro844wrv8','NWQzZWJjNzcxMzhmOWU4ZTI0OGY5NTBiYzIxMmY3MTBmYTc5ODUyYjp7Il9hdXRoX3VzZXJfaWQiOiI3MCIsIl9hdXRoX3VzZXJfYmFja2VuZCI6InNvY2lhbC5iYWNrZW5kcy50d2l0dGVyLlR3aXR0ZXJPQXV0aCIsIl9hdXRoX3VzZXJfaGFzaCI6IjA2OGQ4MDc3Y2E1MmMxYjdjMzA4MDIzODk1MGJkNDVlZGE0ODE5MjQiLCJ0d2l0dGVyX3N0YXRlIjoiQ1owdjhJbFB4cHpKN3p2VVA4TnppQ0VNV1pwVno4N3AiLCJzb2NpYWxfYXV0aF9sYXN0X2xvZ2luX2JhY2tlbmQiOiJ0d2l0dGVyIiwidHdpdHRlcnVuYXV0aG9yaXplZF90b2tlbl9uYW1lIjpbXX0=','2016-03-21 11:48:42.135581'),('hroinccbbnrpzwhz7ptl7cvmrb6x9hcb','NWEwOTk2ZTI2ZTU2NDZjZGQ3ZmM0N2U4MzhkOWU2NTJjOTBlNmIyODp7Il9hdXRoX3VzZXJfaWQiOiI1OSIsInR3aXR0ZXJ1bmF1dGhvcml6ZWRfdG9rZW5fbmFtZSI6W10sInR3aXR0ZXJfc3RhdGUiOiJlb0t1OE1xUlp3TkVHbXZwUVRVRWwzUHRNZjZzWWkzdCIsInNvY2lhbF9hdXRoX2xhc3RfbG9naW5fYmFja2VuZCI6InR3aXR0ZXIiLCJfYXV0aF91c2VyX2JhY2tlbmQiOiJzb2NpYWwuYmFja2VuZHMudHdpdHRlci5Ud2l0dGVyT0F1dGgiLCJfYXV0aF91c2VyX2hhc2giOiJlNzEyNDM4OTYwNGRhMWM4N2Y4YjQ3YTNlYjhhOTVlNDJkNzVlOTA3In0=','2016-03-21 03:16:44.927303'),('hxmx22uafske1kewnrr4oairlkuxc1i7','M2Y4YzYwNDg4YjQxYmVkNjk5Y2MyYTkxMjM2YjIwMWE0MjMyMDlhYjp7Il9hdXRoX3VzZXJfaGFzaCI6ImUzY2M5OTI0M2M1ZDQyNTQ0ZWEyMGQzNTRiYzBkMDJmZmI3Yjc4ZjAiLCJzb2NpYWxfYXV0aF9sYXN0X2xvZ2luX2JhY2tlbmQiOiJ0d2l0dGVyIiwidHdpdHRlcl9zdGF0ZSI6IkJNa1VjZnNMNGRyYjB1b2U3czdoOUcyTGRsRmRHa2N2IiwidHdpdHRlcnVuYXV0aG9yaXplZF90b2tlbl9uYW1lIjpbXSwiX2F1dGhfdXNlcl9iYWNrZW5kIjoic29jaWFsLmJhY2tlbmRzLnR3aXR0ZXIuVHdpdHRlck9BdXRoIiwiX2F1dGhfdXNlcl9pZCI6IjE0In0=','2016-03-20 12:33:25.973002'),('i7jjznofs35vjirfvdjbe4i3er0pnp4k','MmEzMDg2MDdjMTUzMGYzYTBhZWY1ZGU0OGE2MWFhMWQ4ZGY2NjE2NDp7Il9hdXRoX3VzZXJfaWQiOiIzOCIsInR3aXR0ZXJ1bmF1dGhvcml6ZWRfdG9rZW5fbmFtZSI6W10sInR3aXR0ZXJfc3RhdGUiOiI4SU5TeEx2cmZPN2hjTFRKTmpNdFJ2d3NBaUhaT253cyIsInNvY2lhbF9hdXRoX2xhc3RfbG9naW5fYmFja2VuZCI6InR3aXR0ZXIiLCJfYXV0aF91c2VyX2JhY2tlbmQiOiJzb2NpYWwuYmFja2VuZHMudHdpdHRlci5Ud2l0dGVyT0F1dGgiLCJfYXV0aF91c2VyX2hhc2giOiI1ZWUwOWMwYWNjOTg2MjQ4NGNkZTBjZjAxNjJjNGM2ZGM4NjQ1NTI3In0=','2016-03-20 15:29:13.785754'),('iksna9ps58qlpqziyiu86vpdqfooyv9n','MGUxZDkwZjRhYTlhYzlmNzc3Nzg1MTg5ZGM5NjNmNmQ5Nzg2ZTYzYzp7Il9hdXRoX3VzZXJfaGFzaCI6IjBiNTM4NGM3ZjAwZDE2ZWQ4M2E0N2UzZDg4MzU0YTc1ZWY5ZTE4MzkiLCJzb2NpYWxfYXV0aF9sYXN0X2xvZ2luX2JhY2tlbmQiOiJ0d2l0dGVyIiwidHdpdHRlcl9zdGF0ZSI6IlZub0xYb1ZnWHl0NFRZZVg4aURyaXJsMXV3aDE4T1hlIiwidHdpdHRlcnVuYXV0aG9yaXplZF90b2tlbl9uYW1lIjpbXSwiX2F1dGhfdXNlcl9iYWNrZW5kIjoic29jaWFsLmJhY2tlbmRzLnR3aXR0ZXIuVHdpdHRlck9BdXRoIiwiX2F1dGhfdXNlcl9pZCI6IjMifQ==','2016-03-20 10:47:54.382971'),('ipzfmc38xqt872sqg1o55iyuefvkeszb','NTRiZTIyZmQ3NTJhZTJiYWIzN2NjZjU4NWZkYzYxYjNiOWQxYzUwMzp7Il9hdXRoX3VzZXJfaGFzaCI6ImY0ODIxOGExZGEwZmE5OTBiNjU5MGQ1Y2FhYzFkNzBlOWU1MjVkODQiLCJzb2NpYWxfYXV0aF9sYXN0X2xvZ2luX2JhY2tlbmQiOiJ0d2l0dGVyIiwidHdpdHRlcl9zdGF0ZSI6ImJYYVg2NzRocGZMTE1QekdyajUweHRjbXcycmFjUDhTIiwidHdpdHRlcnVuYXV0aG9yaXplZF90b2tlbl9uYW1lIjpbXSwiX2F1dGhfdXNlcl9iYWNrZW5kIjoic29jaWFsLmJhY2tlbmRzLnR3aXR0ZXIuVHdpdHRlck9BdXRoIiwiX2F1dGhfdXNlcl9pZCI6IjE1In0=','2016-03-20 12:36:49.094763'),('ix5bwq93l8pz1mw67n9fheu7yavdja9x','ZjcwYWU2MTEzZjdlYjc1NWEwMTllN2MzMDE4ZjFiMDM3NGQ5YzU2ZTp7InR3aXR0ZXJfc3RhdGUiOiJaOGF5bHI5aXJvZk1oZE1HTjZDVHJ3QThkMkdrM2JieCIsInR3aXR0ZXJ1bmF1dGhvcml6ZWRfdG9rZW5fbmFtZSI6WyJvYXV0aF90b2tlbj0tTkd4MkFBQUFBQUFrZHFTQUFBQlUxSGdwTFEmb2F1dGhfdG9rZW5fc2VjcmV0PUc5SVhwaThySEZDSFpPZ2xSWUdZTWZRQm9TWjd1czBKJm9hdXRoX2NhbGxiYWNrX2NvbmZpcm1lZD10cnVlIl19','2016-03-21 16:19:50.224775'),('j986p8v050wfnxhu7myky9dnm30zr9um','MzgxZGViNmRjNDMzNzBjZThlMTg0OTFmZDJhN2ZjMjE1Zjg3NzkwMTp7Il9hdXRoX3VzZXJfaWQiOiI1NSIsInR3aXR0ZXJ1bmF1dGhvcml6ZWRfdG9rZW5fbmFtZSI6W10sInNvY2lhbF9hdXRoX2xhc3RfbG9naW5fYmFja2VuZCI6InR3aXR0ZXIiLCJfYXV0aF91c2VyX2hhc2giOiJjNzM0ZTRkZTc2OGQ3OTFhZWI5MzEyOThjNDhjMmM1YWRjOTAyMzQ4IiwidHdpdHRlcl9zdGF0ZSI6Ik1ZSHRVNE03cFhpOW5xSjYwdmFwMzVub0p4Wm9lbVBvIiwiX2F1dGhfdXNlcl9iYWNrZW5kIjoic29jaWFsLmJhY2tlbmRzLnR3aXR0ZXIuVHdpdHRlck9BdXRoIn0=','2016-03-21 05:48:06.175381'),('jb94rnsx0j16lnxg3gunu3t1r6matudg','YzExMjRjY2IyMmYxZWU0NTQ4Y2E5ZjQ2NTA2NDIyZThlNzk5NmQxYTp7InR3aXR0ZXJfc3RhdGUiOiJqVFRwU25hSWk5OU8wYUNxY3JXMWZQMGhNd0pkOHBHMCIsInR3aXR0ZXJ1bmF1dGhvcml6ZWRfdG9rZW5fbmFtZSI6WyJvYXV0aF90b2tlbj1iNk5KUEFBQUFBQUFrZHFTQUFBQlUwdGFkZmcmb2F1dGhfdG9rZW5fc2VjcmV0PWJoeGdFQVRiSlhHaDBxaHdTUjM1YnJWY1h1R3VJMklWJm9hdXRoX2NhbGxiYWNrX2NvbmZpcm1lZD10cnVlIl19','2016-03-20 09:55:33.124460'),('jrdyfz5iryc8gxnzcqy5fhyiv7ixeftp','ZDM0YTFlYWM4MDE0ODY2ZGEyM2U2NmFiYjRkOWQ0MDA3NmEwYWIzZDp7InR3aXR0ZXJfc3RhdGUiOiIyMlIwU1JCNjNqUlcwWDdOY3dsb2J5dTVsSDBQUjdsbiIsIl9hdXRoX3VzZXJfaWQiOiI0MSIsInNvY2lhbF9hdXRoX2xhc3RfbG9naW5fYmFja2VuZCI6InR3aXR0ZXIiLCJfYXV0aF91c2VyX2hhc2giOiIxMjMxMGYzZGJmNjNiNTliOGE2NGIzZTE2NWI5ODIwYWMyOGRhZDFkIiwidHdpdHRlcnVuYXV0aG9yaXplZF90b2tlbl9uYW1lIjpbIm9hdXRoX3Rva2VuPUpHWUszZ0FBQUFBQWtkcVNBQUFCVTFRc0FfNCZvYXV0aF90b2tlbl9zZWNyZXQ9UkE0RTlTQ0YxdHpmbThpa1hGTEJsMTVVZFo0WFNESTUmb2F1dGhfY2FsbGJhY2tfY29uZmlybWVkPXRydWUiXSwiX2F1dGhfdXNlcl9iYWNrZW5kIjoic29jaWFsLmJhY2tlbmRzLnR3aXR0ZXIuVHdpdHRlck9BdXRoIn0=','2016-03-22 03:01:45.650614'),('k4id9fa1zjr4tapnqvctnvtdh48vjyma','MGI5ZmFmY2I3YmM1Njg1NmNlZTIyMWQ2M2I4NzdjNWIxZmJiMWI2MTp7Il9hdXRoX3VzZXJfaWQiOiI0NCIsInR3aXR0ZXJ1bmF1dGhvcml6ZWRfdG9rZW5fbmFtZSI6W10sInR3aXR0ZXJfc3RhdGUiOiJYdzFlOURoSHZ0M3VJZmxYeThIVHRDam5TckREekxSYiIsInNvY2lhbF9hdXRoX2xhc3RfbG9naW5fYmFja2VuZCI6InR3aXR0ZXIiLCJfYXV0aF91c2VyX2JhY2tlbmQiOiJzb2NpYWwuYmFja2VuZHMudHdpdHRlci5Ud2l0dGVyT0F1dGgiLCJfYXV0aF91c2VyX2hhc2giOiJkMjRhYmEyYzk2YTVlZDU4YmY4MjdmYTFhM2I1N2QyYWY5ZTg5NjkxIn0=','2016-03-21 02:32:57.906619'),('klukevqgs7r67e5c0dqnwv70ymq754l7','NDI0NzZhMjI0YmQxZDE3MDZmNDNiMzk5NGYxNzEyZTNhZDg1MjM4ODp7Il9hdXRoX3VzZXJfaWQiOiIzOSIsInR3aXR0ZXJ1bmF1dGhvcml6ZWRfdG9rZW5fbmFtZSI6W10sInR3aXR0ZXJfc3RhdGUiOiJIOVFpemFIYkQydHdJN1JrNWJEZ24zMXJZeWROMHhLOCIsInNvY2lhbF9hdXRoX2xhc3RfbG9naW5fYmFja2VuZCI6InR3aXR0ZXIiLCJfYXV0aF91c2VyX2JhY2tlbmQiOiJzb2NpYWwuYmFja2VuZHMudHdpdHRlci5Ud2l0dGVyT0F1dGgiLCJfYXV0aF91c2VyX2hhc2giOiI0OTc2Yzg4MjU3ZjAxODc0ZmQ1ZGUxZTM1MjQ0NjQ1YjBjNjEwNjQ5In0=','2016-03-20 15:37:36.214235'),('l3izbkrf5s07rbe9x1n4t0a7tao8qgad','NzBhNTYwYmJkN2UxM2E3OWU4OWQ5OTI0YTU4MDI4ZTE0NzM0YzJjNDp7Il9hdXRoX3VzZXJfaWQiOiIyOSIsIl9hdXRoX3VzZXJfYmFja2VuZCI6InNvY2lhbC5iYWNrZW5kcy50d2l0dGVyLlR3aXR0ZXJPQXV0aCIsIl9hdXRoX3VzZXJfaGFzaCI6IjRmMTY4YmViMGVkMjlmYjE3MDUyZWU1YTI1ZGU5YTVmYThhYzI4YTYiLCJ0d2l0dGVyX3N0YXRlIjoiYlZtWVhERVVwUE1IUXZQQjRrNnBmdU9JVXFoTElTRFMiLCJzb2NpYWxfYXV0aF9sYXN0X2xvZ2luX2JhY2tlbmQiOiJ0d2l0dGVyIiwidHdpdHRlcnVuYXV0aG9yaXplZF90b2tlbl9uYW1lIjpbXX0=','2016-03-21 12:32:52.836678'),('lekymkita4ha3epi83hlpmkqvx0ymxtd','OWIzNWNhYTg0NTU5MThiN2MzZjA2Y2E2YTc5NjU3OTQ5ZmY1ZWU4OTp7Il9hdXRoX3VzZXJfaWQiOiI5IiwidHdpdHRlcnVuYXV0aG9yaXplZF90b2tlbl9uYW1lIjpbXSwic29jaWFsX2F1dGhfbGFzdF9sb2dpbl9iYWNrZW5kIjoidHdpdHRlciIsIl9hdXRoX3VzZXJfaGFzaCI6IjFlMDVjYTkyYmU1ZDFmNDkxZTA3NDJmYWY0YzZmNDlmNjI3Y2I4NzYiLCJ0d2l0dGVyX3N0YXRlIjoiTkRCejUwQ3lmZ2hzTjN6Y0t0QmpBQ0p0RGppd3hrclIiLCJfYXV0aF91c2VyX2JhY2tlbmQiOiJzb2NpYWwuYmFja2VuZHMudHdpdHRlci5Ud2l0dGVyT0F1dGgifQ==','2016-03-21 09:21:55.172381'),('llqn8nbmcimpt90jgiiob5gkkkaf5z1e','MmRiMmExNWYwYTVjODVkZTlmYmNmNWNlZjU3OWQzMWNlOTJjYmRhNTp7Il9hdXRoX3VzZXJfaWQiOiIyOCIsInR3aXR0ZXJ1bmF1dGhvcml6ZWRfdG9rZW5fbmFtZSI6WyJvYXV0aF90b2tlbj1udFIzd3dBQUFBQUFrZHFTQUFBQlUwdzVuOEkmb2F1dGhfdG9rZW5fc2VjcmV0PVp5TktxMUdCT0I3aWhnYXptMHFicWptQU5YWVNxT05WJm9hdXRoX2NhbGxiYWNrX2NvbmZpcm1lZD10cnVlIiwib2F1dGhfdG9rZW49SWJxdk1RQUFBQUFBa2RxU0FBQUJVMHc2RlU0Jm9hdXRoX3Rva2VuX3NlY3JldD1tWmdXaHNNSnRxd09BUmNBdHBGa21zM1lMVG5qM2FnbyZvYXV0aF9jYWxsYmFja19jb25maXJtZWQ9dHJ1ZSJdLCJ0d2l0dGVyX3N0YXRlIjoiZXJ5WFZMd013OXJoQmw0cnFvZWVMTXdORjljQUxKRWoiLCJzb2NpYWxfYXV0aF9sYXN0X2xvZ2luX2JhY2tlbmQiOiJ0d2l0dGVyIiwiX2F1dGhfdXNlcl9iYWNrZW5kIjoic29jaWFsLmJhY2tlbmRzLnR3aXR0ZXIuVHdpdHRlck9BdXRoIiwiX2F1dGhfdXNlcl9oYXNoIjoiNDBkNDUxOGZkNWZjMThkNDk0MjY5ZDExMWY2YTI0MmU0YjEwMWFkZSJ9','2016-03-20 14:02:30.971178'),('lypc7g42amfcnd5uyfmbmb81n502pscf','NTlkYWMxNzcwOWMxMjk4NmI2MDg3MGE5YjZkMWI2MmU5M2Q5NjlkZDp7Il9hdXRoX3VzZXJfaWQiOiIzMCIsInR3aXR0ZXJ1bmF1dGhvcml6ZWRfdG9rZW5fbmFtZSI6W10sInR3aXR0ZXJfc3RhdGUiOiJMMnZHRmk3Sjc4ckZ2TDAxM0ZLVWdSM1Q0TFN4TXlVUCIsInNvY2lhbF9hdXRoX2xhc3RfbG9naW5fYmFja2VuZCI6InR3aXR0ZXIiLCJfYXV0aF91c2VyX2JhY2tlbmQiOiJzb2NpYWwuYmFja2VuZHMudHdpdHRlci5Ud2l0dGVyT0F1dGgiLCJfYXV0aF91c2VyX2hhc2giOiIzNWZlNjlkMzY0MWVjM2IzYmEwN2QzMThiZDk4ZDkyZTNkYjFiOTdkIn0=','2016-03-20 14:26:47.868139'),('m0k10lk56zbsbtss4wh50dhs6k4fpje5','MzYyMWY3YjdkNzJjYjc3NTdiYTBjODZiZmUwODE1MTdlZTU4NWI1MDp7Il9hdXRoX3VzZXJfaWQiOiI0NiIsInR3aXR0ZXJ1bmF1dGhvcml6ZWRfdG9rZW5fbmFtZSI6W10sInR3aXR0ZXJfc3RhdGUiOiI1aDNsbXlDZ0NOdGpDMkhSd3pianp4VWJEYVVtRDJHUyIsInNvY2lhbF9hdXRoX2xhc3RfbG9naW5fYmFja2VuZCI6InR3aXR0ZXIiLCJfYXV0aF91c2VyX2JhY2tlbmQiOiJzb2NpYWwuYmFja2VuZHMudHdpdHRlci5Ud2l0dGVyT0F1dGgiLCJfYXV0aF91c2VyX2hhc2giOiJmYWY2YTcyMDc1ZjQyOTI1NGUyNjU3YzVkZTQ0ODdiODNjODY3NmQ0In0=','2016-03-21 02:59:08.236744'),('m95451ohrt80ly5jqjpkpx73un5qw0gi','ZGEzNjYzZGMxNDZiZTUyMDQ3NDk1NzQ5ZDRkYTAwZmFhYzE1Mzg3ODp7Il9hdXRoX3VzZXJfaGFzaCI6IjAyMmRmNmM0MjE0YTBjY2I0M2E2NjI0YjlhNjE4MmVkMjY2NDZlY2IiLCJzb2NpYWxfYXV0aF9sYXN0X2xvZ2luX2JhY2tlbmQiOiJ0d2l0dGVyIiwidHdpdHRlcl9zdGF0ZSI6ImFFMWw1QVc3MkpJd1BDOExBaHRoYUZZZ2J1aXZQc1hFIiwidHdpdHRlcnVuYXV0aG9yaXplZF90b2tlbl9uYW1lIjpbXSwiX2F1dGhfdXNlcl9iYWNrZW5kIjoic29jaWFsLmJhY2tlbmRzLnR3aXR0ZXIuVHdpdHRlck9BdXRoIiwiX2F1dGhfdXNlcl9pZCI6IjE3In0=','2016-03-20 12:42:36.123097'),('mejsr3f8fgsfqqrxh0ahqyruc8tbofl5','NjdmNzAyZDRmYzA1NGRmYTk0NWNiMThiZmEwYmI5MjJmZWJmZjY4NTp7Il9hdXRoX3VzZXJfaGFzaCI6IjVjMmY0MzVjM2Y3ZDcwOTY0OTNlNDZiZWRlYTBmNTc0YTlhODAyYjciLCJzb2NpYWxfYXV0aF9sYXN0X2xvZ2luX2JhY2tlbmQiOiJ0d2l0dGVyIiwidHdpdHRlcl9zdGF0ZSI6IlB6TjZvc0dJNnd1VnNKV1ZZSUhKMlJUTjhXNnRBYlRhIiwidHdpdHRlcnVuYXV0aG9yaXplZF90b2tlbl9uYW1lIjpbXSwiX2F1dGhfdXNlcl9iYWNrZW5kIjoic29jaWFsLmJhY2tlbmRzLnR3aXR0ZXIuVHdpdHRlck9BdXRoIiwiX2F1dGhfdXNlcl9pZCI6IjEwIn0=','2016-03-20 12:24:32.266225'),('n29ds9juct95kcniybsq4y8rmldb4bfk','MTk3ODQ3ZmZhYTJhZTZkMDUyZDI3NjgzMGM0NGY4ZTZkZTNlYjE4MDp7Il9hdXRoX3VzZXJfaWQiOiIzMiIsInR3aXR0ZXJ1bmF1dGhvcml6ZWRfdG9rZW5fbmFtZSI6W10sInR3aXR0ZXJfc3RhdGUiOiJMQm9GamM2QjJsUHhVWGFJRXI2ZnBCWlJkV2R3ek9KRiIsInNvY2lhbF9hdXRoX2xhc3RfbG9naW5fYmFja2VuZCI6InR3aXR0ZXIiLCJfYXV0aF91c2VyX2JhY2tlbmQiOiJzb2NpYWwuYmFja2VuZHMudHdpdHRlci5Ud2l0dGVyT0F1dGgiLCJfYXV0aF91c2VyX2hhc2giOiJhMTkyYTIwNzQ0YmE0YjdlMWJlNjQ5ZGY1Yzg1OGZjN2IxYjliMjlmIn0=','2016-03-20 15:00:16.838776'),('n35m7xbb0x12g24nfi4qxaakxf1hufni','MzEwMjU4ZTU0NTVhMjFkNjkyYzk0NWE5OGY3YWQ1ZWJhMTkxNDVjNTp7InR3aXR0ZXJfc3RhdGUiOiJNUVZ4NEVKTXY3bFQ1dWRkYzR4S0N0R0NkOFJBNVpEYyIsIl9hdXRoX3VzZXJfaWQiOiI3Iiwic29jaWFsX2F1dGhfbGFzdF9sb2dpbl9iYWNrZW5kIjoidHdpdHRlciIsIl9hdXRoX3VzZXJfaGFzaCI6IjAzOGY0OTQwNjIyZDYxNmUwNGViZjEyNmI0ZWNhZmU4N2JmOWE2ODkiLCJ0d2l0dGVydW5hdXRob3JpemVkX3Rva2VuX25hbWUiOltdLCJfYXV0aF91c2VyX2JhY2tlbmQiOiJzb2NpYWwuYmFja2VuZHMudHdpdHRlci5Ud2l0dGVyT0F1dGgifQ==','2016-03-22 08:21:38.605332'),('n60uv7to59f66m22lmaiucnk9arqdbnf','NDVmZjQ2NDA1YTlkZDczYzFmYWU0ZTIxYzkyZmY1ZDViZWJlYWU1Yjp7InR3aXR0ZXJfc3RhdGUiOiJteEtVSTZZejg3M0hwcnNGelhFMUdMWFZLSEdlaVJIZyIsInR3aXR0ZXJ1bmF1dGhvcml6ZWRfdG9rZW5fbmFtZSI6WyJvYXV0aF90b2tlbj1Lc0diclFBQUFBQUFrZHFTQUFBQlUwLThzRVUmb2F1dGhfdG9rZW5fc2VjcmV0PVV0YmtmQ3NwOXhSRTZBTUJjZ1FHMThwZWdVcUp4UmdnJm9hdXRoX2NhbGxiYWNrX2NvbmZpcm1lZD10cnVlIl19','2016-03-21 06:21:19.459796'),('nbv7iiontwqb34lkw2f7qqyj6bafykln','ZTZmZDIxNmRlMmRmZTIyM2I0NWI5MDAwODY1ZGU3MjUwZjMzMmI0NTp7InR3aXR0ZXJ1bmF1dGhvcml6ZWRfdG9rZW5fbmFtZSI6WyJvYXV0aF90b2tlbj0zWVAySFFBQUFBQUFrZHFTQUFBQlUxRXpqa2Mmb2F1dGhfdG9rZW5fc2VjcmV0PUw1akxhc3BSaVVENjhrd2p4MHhNMzZYN1dkYVBvVVJCJm9hdXRoX2NhbGxiYWNrX2NvbmZpcm1lZD10cnVlIiwib2F1dGhfdG9rZW49Q19pSmtRQUFBQUFBa2RxU0FBQUJVMUV6dDBrJm9hdXRoX3Rva2VuX3NlY3JldD1Wc05lOWdrY3JSTWZTRTV0aDlVdEJ2UmoyZGVydjRqQyZvYXV0aF9jYWxsYmFja19jb25maXJtZWQ9dHJ1ZSJdLCJ0d2l0dGVyX3N0YXRlIjoiYnJOdUtWTU9ibEpqNUhNaElXbTBzd2VHM216ZjdUN1EifQ==','2016-03-21 13:10:57.248825'),('nkj7qdkcpisdcg3m12g6ijk5dc3l5k78','ZmQ5NjljMTI3ZmRhYjlmMTUzZTEwZTE4OTU4OTk2OGU1NTgyNjhiMjp7InR3aXR0ZXJ1bmF1dGhvcml6ZWRfdG9rZW5fbmFtZSI6WyJvYXV0aF90b2tlbj1RMExHZlFBQUFBQUFrZHFTQUFBQlUxZGpwcEUmb2F1dGhfdG9rZW5fc2VjcmV0PXh0elF1NGlwd0ZuOUxZVTdDWU1lUmlnSEMwUk9iSUtkJm9hdXRoX2NhbGxiYWNrX2NvbmZpcm1lZD10cnVlIl0sInR3aXR0ZXJfc3RhdGUiOiI1YzdBbGxmZjkwbEs4SUdYMXhZQmJqOHR5amtNU1pJMyJ9','2016-03-22 18:01:01.982432'),('nksglzfm3isvos9d8bhopkmhzk1xh6y6','Y2IxNmFmMmE4MTc4ZWMwZjRkNzkyZDdhMWZkODA1ZWZlYzQ5YzZiNzp7InR3aXR0ZXJfc3RhdGUiOiJpVG8wUThIYnFhdXBadFNxT21uNTlabkdUU3JxUTZsTSIsInR3aXR0ZXJ1bmF1dGhvcml6ZWRfdG9rZW5fbmFtZSI6WyJvYXV0aF90b2tlbj02cm5zT0FBQUFBQUFrZHFTQUFBQlUxV1g2YTgmb2F1dGhfdG9rZW5fc2VjcmV0PUJUZFB3VnRrZFpnMjNsOW91SW5YVGRlZ3ZqYUt2UW56Jm9hdXRoX2NhbGxiYWNrX2NvbmZpcm1lZD10cnVlIl19','2016-03-22 09:38:52.606259'),('o2xzoju4vtxdeyppuqt8sdsusk9hk9lb','MjA5OTY1ZGRhOTM1ZDU4YzkyMDU2OTc5YzQ1NWU0ODkzZGI1NTkwOTp7Il9hdXRoX3VzZXJfaWQiOiI1MCIsInR3aXR0ZXJ1bmF1dGhvcml6ZWRfdG9rZW5fbmFtZSI6W10sInR3aXR0ZXJfc3RhdGUiOiJSampTMHNlWng4aU1yYmxoQnlWY3RmdkVaS0Fhbk5hQSIsInNvY2lhbF9hdXRoX2xhc3RfbG9naW5fYmFja2VuZCI6InR3aXR0ZXIiLCJfYXV0aF91c2VyX2JhY2tlbmQiOiJzb2NpYWwuYmFja2VuZHMudHdpdHRlci5Ud2l0dGVyT0F1dGgiLCJfYXV0aF91c2VyX2hhc2giOiI3MDBmNTI1YmJmNWExYWI0ZGRhYmE2MjAyNjU2YzI2MWZjNTQ3MzA4In0=','2016-03-21 02:25:52.939737'),('ofg604irm72yzp4olv9vejx1y7fyo6f4','YmJjYzM2ZTI1ZWNhMjY1ZTMxMjU0NDY2MzM4ZmRhZjU5YTc1NWY3MTp7InR3aXR0ZXJfc3RhdGUiOiJ5RGdSQnBQREh1eHJZUEdydW5Lb0dSbFRSWmYzVlhhRCIsInR3aXR0ZXJ1bmF1dGhvcml6ZWRfdG9rZW5fbmFtZSI6WyJvYXV0aF90b2tlbj1MS3NQVndBQUFBQUFrZHFTQUFBQlUwOTBBWDQmb2F1dGhfdG9rZW5fc2VjcmV0PVRXT3BzUmtUT1Zmd1dTRVNjUmcxRWZMQWNCYlhoSmV4Jm9hdXRoX2NhbGxiYWNrX2NvbmZpcm1lZD10cnVlIl19','2016-03-21 05:01:56.130517'),('ofjxlpdpekjjru3p0nyv8v6vyh97fu8q','Mzk2NzRmZmMzZGYyYTcyYmI4YmQyNzNhMWY3OGUxMjY4Y2U3OWNmYjp7Il9hdXRoX3VzZXJfaWQiOiIyOSIsInR3aXR0ZXJ1bmF1dGhvcml6ZWRfdG9rZW5fbmFtZSI6W10sInR3aXR0ZXJfc3RhdGUiOiJmbE43NVZIZXlpQ0Z0MEhYekpMcE1YQ0JHR2ZQOGVSSCIsInNvY2lhbF9hdXRoX2xhc3RfbG9naW5fYmFja2VuZCI6InR3aXR0ZXIiLCJfYXV0aF91c2VyX2JhY2tlbmQiOiJzb2NpYWwuYmFja2VuZHMudHdpdHRlci5Ud2l0dGVyT0F1dGgiLCJfYXV0aF91c2VyX2hhc2giOiI0ZjE2OGJlYjBlZDI5ZmIxNzA1MmVlNWEyNWRlOWE1ZmE4YWMyOGE2In0=','2016-03-20 14:06:55.499267'),('oqr5hqgbaicvevldkgce7b43o8gsy5ch','MjZjNDRhZmUzOGExNjRlNTA2MWFiMjUxNjhlNWQ4MDU0OWQzZmFhZjp7InR3aXR0ZXJfc3RhdGUiOiIxaHZ0UHJZZzNNb1Qwc1pmelpGVWoxSk1ZRDl4bjhQRSIsInR3aXR0ZXJ1bmF1dGhvcml6ZWRfdG9rZW5fbmFtZSI6WyJvYXV0aF90b2tlbj01WnE4VEFBQUFBQUFrZHFTQUFBQlUwdy1NTFUmb2F1dGhfdG9rZW5fc2VjcmV0PVplaFdrREpSUVRqSnE3MUt3RVphbGl4NEVzMlJKVnhkJm9hdXRoX2NhbGxiYWNrX2NvbmZpcm1lZD10cnVlIl19','2016-03-20 14:04:17.618229'),('or1656zag0eozlk8ny8cp9df9h2os8vp','MzA3NjNhYTY4YzA1YjI3N2I3ZDI0N2U4YzIzYWQ5MDlhMGQyZmRlZDp7InR3aXR0ZXJfc3RhdGUiOiJzYUtrUVlLZFh6S2toYW9KTTI1YU9sSENuS2c3MFJDUyIsInR3aXR0ZXJ1bmF1dGhvcml6ZWRfdG9rZW5fbmFtZSI6WyJvYXV0aF90b2tlbj01VnM4WkFBQUFBQUFrZHFTQUFBQlUwdmtTclEmb2F1dGhfdG9rZW5fc2VjcmV0PVoxNEk5MTh1bmZGcFpIQm1jVUxUODlWc09LOEFVdDRDJm9hdXRoX2NhbGxiYWNrX2NvbmZpcm1lZD10cnVlIl19','2016-03-20 12:26:06.048960'),('ouvxci9ica7sihtq0xrqw8vp23viwjgf','NzZhMWMwYmEzZDRmYjg2Njc2OTdmYzQ5YTcxYjBlZDgwZThjMTI1YTp7Il9hdXRoX3VzZXJfaGFzaCI6IjJiY2VlODhlZTIyODQyOTdkNjQ3YjY0NjYwM2ZhYWM1M2MxODI0MWMiLCJzb2NpYWxfYXV0aF9sYXN0X2xvZ2luX2JhY2tlbmQiOiJ0d2l0dGVyIiwidHdpdHRlcl9zdGF0ZSI6IkR1TFZDV2p0V09DMkFDbUM5Q29VMWdqUG5UdWx0N2NRIiwidHdpdHRlcnVuYXV0aG9yaXplZF90b2tlbl9uYW1lIjpbXSwiX2F1dGhfdXNlcl9iYWNrZW5kIjoic29jaWFsLmJhY2tlbmRzLnR3aXR0ZXIuVHdpdHRlck9BdXRoIiwiX2F1dGhfdXNlcl9pZCI6IjIxIn0=','2016-03-20 13:00:45.685589'),('ov74auny6ndag7kl5paj9a5jeqv8ytr7','ZDllOGI0MDllODdjMjY4NWM1ZjhlZmRkNDZhMDc4NzI5ODljMWYzMTp7Il9hdXRoX3VzZXJfaGFzaCI6IjBiNTM4NGM3ZjAwZDE2ZWQ4M2E0N2UzZDg4MzU0YTc1ZWY5ZTE4MzkiLCJzb2NpYWxfYXV0aF9sYXN0X2xvZ2luX2JhY2tlbmQiOiJ0d2l0dGVyIiwidHdpdHRlcl9zdGF0ZSI6IkZmODRMQkIzRzVmdXR5ZWhlSDZuRTJOcTNHT1NGTjdqIiwidHdpdHRlcnVuYXV0aG9yaXplZF90b2tlbl9uYW1lIjpbXSwiX2F1dGhfdXNlcl9iYWNrZW5kIjoic29jaWFsLmJhY2tlbmRzLnR3aXR0ZXIuVHdpdHRlck9BdXRoIiwiX2F1dGhfdXNlcl9pZCI6IjMifQ==','2016-03-20 12:33:51.066003'),('ownqgvblpr6076b2w0bjs9h3rl81tlbv','MDY2ZDU0ZmE3NjcyNjgxNTJmNjNkNzg5ZTQwOGFkMzhkNjk5MmJjYzp7Il9hdXRoX3VzZXJfaWQiOiI0MiIsInR3aXR0ZXJ1bmF1dGhvcml6ZWRfdG9rZW5fbmFtZSI6W10sInR3aXR0ZXJfc3RhdGUiOiJSQlJUcXROZzhEeG5NZlNzTXhxRllEY0ZScTJmS3NqYyIsInNvY2lhbF9hdXRoX2xhc3RfbG9naW5fYmFja2VuZCI6InR3aXR0ZXIiLCJfYXV0aF91c2VyX2JhY2tlbmQiOiJzb2NpYWwuYmFja2VuZHMudHdpdHRlci5Ud2l0dGVyT0F1dGgiLCJfYXV0aF91c2VyX2hhc2giOiI4NTA3NDIyYWNlMDg1ZWJhMTczYmFhYmIyMDE3NzAzOGRjOTY4ODVlIn0=','2016-03-20 17:33:26.988931'),('oyyre30xzbu3bez37wlx58u65y4t6p66','ZjY2ODAyZDdlZmVkN2ZiMmJiZjI1ZDcxM2U5ODI0Y2EzMTJjZTNiYTp7Il9hdXRoX3VzZXJfaGFzaCI6ImIyZWQ0NDBlYzdlYTQxNzJiMWNhMmIxZTYyZWNlMmE0M2ExYmRhMDgiLCJzb2NpYWxfYXV0aF9sYXN0X2xvZ2luX2JhY2tlbmQiOiJ0d2l0dGVyIiwidHdpdHRlcl9zdGF0ZSI6IkoxT2ZZQkRGcGVtTnk3eUtXNmNnVzFBbVRybXJkZWk4IiwidHdpdHRlcnVuYXV0aG9yaXplZF90b2tlbl9uYW1lIjpbXSwiX2F1dGhfdXNlcl9iYWNrZW5kIjoic29jaWFsLmJhY2tlbmRzLnR3aXR0ZXIuVHdpdHRlck9BdXRoIiwiX2F1dGhfdXNlcl9pZCI6IjIyIn0=','2016-03-20 13:09:55.996647'),('p64tp27ear5d8s2pvrrhcgh8z5c4kx9t','OTAxMmNjOGUxNDlmZjRiNWUwMmVhMmI5ZDkwMmEwYjNiNTA5M2JmMTp7Il9hdXRoX3VzZXJfaWQiOiI2MCIsInR3aXR0ZXJ1bmF1dGhvcml6ZWRfdG9rZW5fbmFtZSI6W10sInR3aXR0ZXJfc3RhdGUiOiJHbmN4ZkVGSE5hTWRCWG82SWVKS1RDQTlmT29xUWQ2aCIsInNvY2lhbF9hdXRoX2xhc3RfbG9naW5fYmFja2VuZCI6InR3aXR0ZXIiLCJfYXV0aF91c2VyX2JhY2tlbmQiOiJzb2NpYWwuYmFja2VuZHMudHdpdHRlci5Ud2l0dGVyT0F1dGgiLCJfYXV0aF91c2VyX2hhc2giOiI5ZjYwMjdmMjE2YTY1YTM3MGM2NTBhNjUxOTBkMjM0NWVlY2RmNTBkIn0=','2016-03-21 03:16:54.235533'),('pk3f40dmw9mori33q2cuf2ezulb9xlm2','MDM5ODA0NjhmYzM3MDY2ODMxZmNkYTg2NzM2YzFlNTc1ZTZjYzhmYzp7Il9hdXRoX3VzZXJfaWQiOiI1NCIsInR3aXR0ZXJ1bmF1dGhvcml6ZWRfdG9rZW5fbmFtZSI6W10sInR3aXR0ZXJfc3RhdGUiOiJZVTRjekVvT1dUc0xrQkRhajZXS0p5UEFzOUR0MjRVRiIsInNvY2lhbF9hdXRoX2xhc3RfbG9naW5fYmFja2VuZCI6InR3aXR0ZXIiLCJfYXV0aF91c2VyX2JhY2tlbmQiOiJzb2NpYWwuYmFja2VuZHMudHdpdHRlci5Ud2l0dGVyT0F1dGgiLCJfYXV0aF91c2VyX2hhc2giOiI4MTljNDU2ODVmMmQ5ZGRhNzNlZGMxYjMyNmIxODcyMjU5MjMyYzg0In0=','2016-03-21 02:56:00.670381'),('q3cv0oet3gkvok5laidsc69keo7zax7m','NWU3NGYwOThkODY0NmU4Y2U5NGVlOTlhMWQxZGNmZmY4MWE5YTM2YTp7InR3aXR0ZXJfc3RhdGUiOiI3S2RieTIwV21CdWpEckJTRVE3alZCOGd6dFNuajVlRyIsIl9hdXRoX3VzZXJfaWQiOiIyMyIsInNvY2lhbF9hdXRoX2xhc3RfbG9naW5fYmFja2VuZCI6InR3aXR0ZXIiLCJfYXV0aF91c2VyX2hhc2giOiJiMzcyZDNlZGMyMGZmOWJlZTI3NTkxYmFjYmVlMzhkMmU5M2ZhNWFhIiwidHdpdHRlcnVuYXV0aG9yaXplZF90b2tlbl9uYW1lIjpbXSwiX2F1dGhfdXNlcl9iYWNrZW5kIjoic29jaWFsLmJhY2tlbmRzLnR3aXR0ZXIuVHdpdHRlck9BdXRoIn0=','2016-03-22 12:56:39.791012'),('r3gs8ghpwadyi4ivhi6oa2rlqt6o6i20','NDQ2NGU5MzIyMjE0YjBlZmRlOTRmMjI1NTQxYzUyODlhYTE4OWY1MTp7Il9hdXRoX3VzZXJfaGFzaCI6IjFlMDVjYTkyYmU1ZDFmNDkxZTA3NDJmYWY0YzZmNDlmNjI3Y2I4NzYiLCJzb2NpYWxfYXV0aF9sYXN0X2xvZ2luX2JhY2tlbmQiOiJ0d2l0dGVyIiwidHdpdHRlcl9zdGF0ZSI6Ikk3b0JDdWhUc295MVJTeWNlZjV4Zm90MlJRWkhFWWZqIiwidHdpdHRlcnVuYXV0aG9yaXplZF90b2tlbl9uYW1lIjpbXSwiX2F1dGhfdXNlcl9iYWNrZW5kIjoic29jaWFsLmJhY2tlbmRzLnR3aXR0ZXIuVHdpdHRlck9BdXRoIiwiX2F1dGhfdXNlcl9pZCI6IjkifQ==','2016-03-20 12:24:05.558933'),('r5384a3mwbkzpotrirqer49mfwyhxqzc','ZGVmMjM5MTE4NDY4MzQ5Njk2ZjgzOTNmNTc4NTUwYWU0YTkzNWFkYjp7Il9hdXRoX3VzZXJfaGFzaCI6IjhiNTZkM2I5NzU2ZTM5ZGRhNzY4N2ZiZmYwZDgwOTk2MjZmMGRlMzMiLCJfYXV0aF91c2VyX2JhY2tlbmQiOiJkamFuZ28uY29udHJpYi5hdXRoLmJhY2tlbmRzLk1vZGVsQmFja2VuZCIsIl9hdXRoX3VzZXJfaWQiOiIxIn0=','2016-03-21 19:08:17.947154'),('rgh8ys0tzwdt0jbztkkpjeftpcsx09vt','NzM2ZGJmYjA0YjE2ODZhZmY1YmJmNjRmMWI1YjQ2MWNhOWFjZDFiMDp7Il9hdXRoX3VzZXJfaWQiOiI1MSIsInR3aXR0ZXJ1bmF1dGhvcml6ZWRfdG9rZW5fbmFtZSI6WyJvYXV0aF90b2tlbj1ZaF9Uc1FBQUFBQUFrZHFTQUFBQlUwN3BVWEUmb2F1dGhfdG9rZW5fc2VjcmV0PW1Vd0NqT3k2NzFnbEpSVWpnc0RpcDVoMDdqZ3N5OUVEJm9hdXRoX2NhbGxiYWNrX2NvbmZpcm1lZD10cnVlIiwib2F1dGhfdG9rZW49NWFmSjdBQUFBQUFBa2RxU0FBQUJVMDdweUtFJm9hdXRoX3Rva2VuX3NlY3JldD1FS0kwQ25DaDdsMnY2aVh2WGFKdE5oNGY1OFJtWnNRQSZvYXV0aF9jYWxsYmFja19jb25maXJtZWQ9dHJ1ZSJdLCJ0d2l0dGVyX3N0YXRlIjoiQnhIemdTeEZXWVZZM1dUVGdOZlNpNjRIV1FTcjRrNEUiLCJzb2NpYWxfYXV0aF9sYXN0X2xvZ2luX2JhY2tlbmQiOiJ0d2l0dGVyIiwiX2F1dGhfdXNlcl9iYWNrZW5kIjoic29jaWFsLmJhY2tlbmRzLnR3aXR0ZXIuVHdpdHRlck9BdXRoIiwiX2F1dGhfdXNlcl9oYXNoIjoiZjJhZDc2M2IyMDE2ODBhNGE4Mjk2MjBhOTZkYzU1ZTVlZjhiOGExYyJ9','2016-03-21 02:31:03.602728'),('rscwjo5k7s7m403d7l31ojxepiex8h6l','MmU3OTM5ZDAxYmJjY2RiMDRjMGZkYjBkYjFmODg5NDM2NGU4NWY4OTp7Il9hdXRoX3VzZXJfaWQiOiIxMCIsInR3aXR0ZXJ1bmF1dGhvcml6ZWRfdG9rZW5fbmFtZSI6W10sInNvY2lhbF9hdXRoX2xhc3RfbG9naW5fYmFja2VuZCI6InR3aXR0ZXIiLCJfYXV0aF91c2VyX2hhc2giOiI1YzJmNDM1YzNmN2Q3MDk2NDkzZTQ2YmVkZWEwZjU3NGE5YTgwMmI3IiwidHdpdHRlcl9zdGF0ZSI6IktFdXVPOTJ6VFVjS3diYWQydG40U0syM2c0RlFvZUJTIiwiX2F1dGhfdXNlcl9iYWNrZW5kIjoic29jaWFsLmJhY2tlbmRzLnR3aXR0ZXIuVHdpdHRlck9BdXRoIn0=','2016-03-21 06:46:59.581403'),('rtr905o6p7xt59v4suzpv2oogo7c4oww','ZGVmMjM5MTE4NDY4MzQ5Njk2ZjgzOTNmNTc4NTUwYWU0YTkzNWFkYjp7Il9hdXRoX3VzZXJfaGFzaCI6IjhiNTZkM2I5NzU2ZTM5ZGRhNzY4N2ZiZmYwZDgwOTk2MjZmMGRlMzMiLCJfYXV0aF91c2VyX2JhY2tlbmQiOiJkamFuZ28uY29udHJpYi5hdXRoLmJhY2tlbmRzLk1vZGVsQmFja2VuZCIsIl9hdXRoX3VzZXJfaWQiOiIxIn0=','2016-03-18 20:19:39.644725'),('ryz5zp3cp7eo796gfbv7nh45u0yzpfyd','YzA5YWFlOGMwYTYwMzIwYjc1ODhmMWQ5MWYwOWJlYjAzOTliOTQwYjp7InR3aXR0ZXJfc3RhdGUiOiJmOUZVVUVTTVZ3ODM4VEt2NzhFb283N2xOc0NmRDkzWiIsInR3aXR0ZXJ1bmF1dGhvcml6ZWRfdG9rZW5fbmFtZSI6WyJvYXV0aF90b2tlbj1maEdPRHdBQUFBQUFrZHFTQUFBQlUwWlIzUDAmb2F1dGhfdG9rZW5fc2VjcmV0PUJVY0lDclRUbHRrMnpQd0FZbUFYdFc2a1p2clVLN0NhJm9hdXRoX2NhbGxiYWNrX2NvbmZpcm1lZD10cnVlIl19','2016-03-19 10:28:03.593922'),('s0nq298r9kbqpq2svqvs8gaqe5yczsgl','NWE3OWZiYjljM2QwMWI5YWM3OTA0ZjZiYTQzYjAxZDU4ODA3ZDYzZjp7Il9hdXRoX3VzZXJfaWQiOiI0NCIsInR3aXR0ZXJ1bmF1dGhvcml6ZWRfdG9rZW5fbmFtZSI6W10sInR3aXR0ZXJfc3RhdGUiOiJ2VXBvdWN1cVRmNnA3RE1wSlh1RUoxQmdYQzI0WkRpdCIsInNvY2lhbF9hdXRoX2xhc3RfbG9naW5fYmFja2VuZCI6InR3aXR0ZXIiLCJfYXV0aF91c2VyX2JhY2tlbmQiOiJzb2NpYWwuYmFja2VuZHMudHdpdHRlci5Ud2l0dGVyT0F1dGgiLCJfYXV0aF91c2VyX2hhc2giOiJkMjRhYmEyYzk2YTVlZDU4YmY4MjdmYTFhM2I1N2QyYWY5ZTg5NjkxIn0=','2016-03-21 01:26:53.915023'),('s2tu9y4ube6iubv4f2nwh8uio5cushf0','NmFmODFjOWMwZTk0NmJmZjZhZDE5MDFjZWM3NjU1ZTlmMTQ3OTllZjp7Il9hdXRoX3VzZXJfaGFzaCI6IjAzOGY0OTQwNjIyZDYxNmUwNGViZjEyNmI0ZWNhZmU4N2JmOWE2ODkiLCJzb2NpYWxfYXV0aF9sYXN0X2xvZ2luX2JhY2tlbmQiOiJ0d2l0dGVyIiwidHdpdHRlcl9zdGF0ZSI6IlpxSjlsdlQza2plREZ2TWZaU2I3cHJoeXFvUjN0TmpoIiwidHdpdHRlcnVuYXV0aG9yaXplZF90b2tlbl9uYW1lIjpbIm9hdXRoX3Rva2VuPU1FRXk1Z0FBQUFBQWtkcVNBQUFCVTB2Z3YzSSZvYXV0aF90b2tlbl9zZWNyZXQ9RFljVWNNeEdrdHNuZkRNUHdKeTBNSGhPVnRZYXBNZkQmb2F1dGhfY2FsbGJhY2tfY29uZmlybWVkPXRydWUiXSwiX2F1dGhfdXNlcl9iYWNrZW5kIjoic29jaWFsLmJhY2tlbmRzLnR3aXR0ZXIuVHdpdHRlck9BdXRoIiwiX2F1dGhfdXNlcl9pZCI6IjcifQ==','2016-03-20 12:22:26.519870'),('s9akoppe6my3lwpmzdbik1yxjakv5bwq','MDUxYzdiZGFmM2RlYmI3ZTc0MjJkY2I3OTI5ZDc1N2I3YmFiNzI2Zjp7Il9hdXRoX3VzZXJfaWQiOiIyNyIsInR3aXR0ZXJ1bmF1dGhvcml6ZWRfdG9rZW5fbmFtZSI6W10sInR3aXR0ZXJfc3RhdGUiOiJhOHQ5T3NUSG5TY1hKVEJZbmpaVEtiVkhVVjNhaFhHeSIsInNvY2lhbF9hdXRoX2xhc3RfbG9naW5fYmFja2VuZCI6InR3aXR0ZXIiLCJfYXV0aF91c2VyX2JhY2tlbmQiOiJzb2NpYWwuYmFja2VuZHMudHdpdHRlci5Ud2l0dGVyT0F1dGgiLCJfYXV0aF91c2VyX2hhc2giOiI5MWEwOGRmY2NlYjc5M2MzMzM0Yjg4NDE1N2JlZTNjMWJkMjdmZmQ5In0=','2016-03-20 14:01:55.818694'),('sqiej3voj2eg7ymehk7tlr2zowrmlm3x','NmU0M2NiOGU0MWE0NDYzZGI0NzFiYmI1YzM4NjUyOWE3ZjZkYzU3Zjp7InR3aXR0ZXJfc3RhdGUiOiJlZnllR1AxWTNpZ2hUWnNNejZkNjRSbXVTTGFYZTJVaiIsInR3aXR0ZXJ1bmF1dGhvcml6ZWRfdG9rZW5fbmFtZSI6WyJvYXV0aF90b2tlbj1lUnBNS2dBQUFBQUFrZHFTQUFBQlUwemcyUVUmb2F1dGhfdG9rZW5fc2VjcmV0PWEzYVZDVDJmUXhuRDJNSlNtUjBzWXNrM3pYSUlwMkp0Jm9hdXRoX2NhbGxiYWNrX2NvbmZpcm1lZD10cnVlIl19','2016-03-20 17:01:57.520050'),('t537zerl4p3x4zot92b79shxf8yu93zd','ZWFlMDcxMThiZGZjYzQyYjdlYjk4ZTBlNGJiNGQ5YmQ2ZGUwYTE1ZTp7Il9hdXRoX3VzZXJfaWQiOiI2MiIsInR3aXR0ZXJ1bmF1dGhvcml6ZWRfdG9rZW5fbmFtZSI6W10sInNvY2lhbF9hdXRoX2xhc3RfbG9naW5fYmFja2VuZCI6InR3aXR0ZXIiLCJfYXV0aF91c2VyX2hhc2giOiI0MGY0N2IxY2VhMTI0YjYxMmUwZDBmYjljNGY5YjM1M2I5N2MwM2UxIiwidHdpdHRlcl9zdGF0ZSI6IndPWkZZS0VQNWFIWmpSZXVwYW5YRW02aDlTOWR0R1VOIiwiX2F1dGhfdXNlcl9iYWNrZW5kIjoic29jaWFsLmJhY2tlbmRzLnR3aXR0ZXIuVHdpdHRlck9BdXRoIn0=','2016-03-21 07:32:55.469971'),('t9v9z6m4vqyc1necx0ktumplmo2mzsno','MzJkN2I0MzVkOWVjZWViNTNiNzZmYTMwODIxYzcwNTBiM2Q1MDZjNTp7InR3aXR0ZXJfc3RhdGUiOiJudzJhOEhEOTlNdUI2OE5XTUpuT0VOM2dYVkVSVGFzdiIsInR3aXR0ZXJ1bmF1dGhvcml6ZWRfdG9rZW5fbmFtZSI6WyJvYXV0aF90b2tlbj1pcWsyUHdBQUFBQUFrZHFTQUFBQlUwLTdsS2smb2F1dGhfdG9rZW5fc2VjcmV0PTJFWnlIRjJkNkFFNE5DcGc1S0xrQ05XNFdVaUI3b1FuJm9hdXRoX2NhbGxiYWNrX2NvbmZpcm1lZD10cnVlIl19','2016-03-21 06:20:06.832767'),('u9s140wg58kz8l8aua20lcpxz9ijm0j8','M2Q1NzJjMjAxYjliMzViNTAxZWFkZjIyYTI4YmM4NGI4YzI2OTdkMjp7Il9hdXRoX3VzZXJfaWQiOiI2NiIsInR3aXR0ZXJ1bmF1dGhvcml6ZWRfdG9rZW5fbmFtZSI6W10sInNvY2lhbF9hdXRoX2xhc3RfbG9naW5fYmFja2VuZCI6InR3aXR0ZXIiLCJfYXV0aF91c2VyX2hhc2giOiIyNTU5ZDhjMzFjYTJhOTIxYmVjMjRiMzkxYTFjZmZmZTAxYWU1MzlhIiwidHdpdHRlcl9zdGF0ZSI6IjNFQUtmZDBlcXhsS1pPTXVHMGpselFHWVhLYUtIVDJCIiwiX2F1dGhfdXNlcl9iYWNrZW5kIjoic29jaWFsLmJhY2tlbmRzLnR3aXR0ZXIuVHdpdHRlck9BdXRoIn0=','2016-03-21 06:47:16.673384'),('ulppx9anx9rie4akwhg1ysklmqqdkk64','YzgyZDkwNmVhNmM3ZDc0N2VlMjA1OGI0ZTU0YWNjMDI3ZDhlZGU2ZDp7Il9hdXRoX3VzZXJfaWQiOiIyNSIsInR3aXR0ZXJ1bmF1dGhvcml6ZWRfdG9rZW5fbmFtZSI6W10sInR3aXR0ZXJfc3RhdGUiOiJCQ1NvTlpveTYzbndteVFoNmVzOVZ0YWFMb3J5S0h4RyIsInNvY2lhbF9hdXRoX2xhc3RfbG9naW5fYmFja2VuZCI6InR3aXR0ZXIiLCJfYXV0aF91c2VyX2JhY2tlbmQiOiJzb2NpYWwuYmFja2VuZHMudHdpdHRlci5Ud2l0dGVyT0F1dGgiLCJfYXV0aF91c2VyX2hhc2giOiI1ZTA5MzExZGU1Zjk5MzQ3NDc2OTZmMWJkMWU0NGQzZDYwNjgyZDcwIn0=','2016-03-20 14:01:02.980209'),('uoompbzmiwgz4l329j952sy5n4uqwggk','YjdiZDMzZGVmYTIyYzhlOTE1ZjdmZDI4NzNhYWJjNTQzZjZjZjFlMzp7Il9hdXRoX3VzZXJfaGFzaCI6ImQ1ZjVkMjQ3NTljMzc1NjdiNDQ3NmQ1NmFiNDFmNjA3M2I2ZWMxYTYiLCJzb2NpYWxfYXV0aF9sYXN0X2xvZ2luX2JhY2tlbmQiOiJ0d2l0dGVyIiwidHdpdHRlcl9zdGF0ZSI6InhJbTBBbVJZWmtGeTV2QWNJWHpUWDQ4dTFabGNRcTZjIiwidHdpdHRlcnVuYXV0aG9yaXplZF90b2tlbl9uYW1lIjpbXSwiX2F1dGhfdXNlcl9iYWNrZW5kIjoic29jaWFsLmJhY2tlbmRzLnR3aXR0ZXIuVHdpdHRlck9BdXRoIiwiX2F1dGhfdXNlcl9pZCI6IjQifQ==','2016-03-20 11:05:16.142763'),('vbedv7523lpxq2jsmyvf3neztchr0k9e','MzA1YjQwNTNhYWZmZDI4YjhhZjhhMzRmNmVlNDE3YTY1MGU2MDAzNDp7InR3aXR0ZXJ1bmF1dGhvcml6ZWRfdG9rZW5fbmFtZSI6W10sIl9hdXRoX3VzZXJfaGFzaCI6IjJjNTY2YzU4MGFiMTEwZTNiMTIwZGY1ZjliNDk5Mzc2ZGNlZTZhYWUiLCJfYXV0aF91c2VyX2JhY2tlbmQiOiJzb2NpYWwuYmFja2VuZHMudHdpdHRlci5Ud2l0dGVyT0F1dGgiLCJ0d2l0dGVyX3N0YXRlIjoiTTh5TURmb0NVU2xtMm43TzY1aktFa0JqZ2VQOWxDUmQiLCJzb2NpYWxfYXV0aF9sYXN0X2xvZ2luX2JhY2tlbmQiOiJ0d2l0dGVyIiwiX2F1dGhfdXNlcl9pZCI6IjczIn0=','2016-03-21 18:08:54.325915'),('vo8pl0xxmo8rjhsdevhzbfbhue7zkg19','ZDAwYzIwMzk0NzEyNjc2YjlmOGE2MTg3MTU5Y2MwMmM3OTk1OWM3OTp7InR3aXR0ZXJfc3RhdGUiOiJ4OHJudzNDWEp3ZW9hc3B1YkFKWHFSZzBub04zOGJSaSIsInR3aXR0ZXJ1bmF1dGhvcml6ZWRfdG9rZW5fbmFtZSI6WyJvYXV0aF90b2tlbj1kbkVyTkFBQUFBQUFrZHFTQUFBQlUwNnc4V1Emb2F1dGhfdG9rZW5fc2VjcmV0PVNPQnUyMlA4WExOYWd0V0pKWVBYTkFueUdEczBibnZDJm9hdXRoX2NhbGxiYWNrX2NvbmZpcm1lZD10cnVlIl19','2016-03-21 01:28:52.477645'),('vyr7ctanihjigvngcqmo3dcjecjxq885','YjI4OGFjYTJiNjRlZTJmMGE0NWI0NzhlODM1YzA2OWZlMmNhNDY1Yjp7Il9hdXRoX3VzZXJfaWQiOiI2NyIsInR3aXR0ZXJ1bmF1dGhvcml6ZWRfdG9rZW5fbmFtZSI6WyJvYXV0aF90b2tlbj1LY0lNc2dBQUFBQUFrZHFTQUFBQlUxQXB0cDQmb2F1dGhfdG9rZW5fc2VjcmV0PW9VcVBBaTQ3a0RDUDMxblRhdmU3Q3RtOHh4TnVCVXR5Jm9hdXRoX2NhbGxiYWNrX2NvbmZpcm1lZD10cnVlIl0sInNvY2lhbF9hdXRoX2xhc3RfbG9naW5fYmFja2VuZCI6InR3aXR0ZXIiLCJfYXV0aF91c2VyX2hhc2giOiI0MGViYTU1OTg1NGFjODcwZmM5YTk3OGRiNDY5ZGFmMWVkOTQxMzFiIiwidHdpdHRlcl9zdGF0ZSI6IkNyd2VzVGJJMjhpY2VQeUZLUEhER1hRRVNCRmdRemZoIiwiX2F1dGhfdXNlcl9iYWNrZW5kIjoic29jaWFsLmJhY2tlbmRzLnR3aXR0ZXIuVHdpdHRlck9BdXRoIn0=','2016-03-21 08:21:12.203929'),('w4xp90djxljd2nk7yp1xw8s2145ixir1','NDgzZjJlMTQxYTUzMGQ5YTBiMzk5YjMzYzBjY2VkY2RiNDAzOGZjMDp7InR3aXR0ZXJfc3RhdGUiOiJoN0RnUGRPajhXTnpHT3BzTDJQZDdvTHF4djlWNXVqQSIsInR3aXR0ZXJ1bmF1dGhvcml6ZWRfdG9rZW5fbmFtZSI6WyJvYXV0aF90b2tlbj1rY1NuM3dBQUFBQUFrZHFTQUFBQlUwdUJJNWsmb2F1dGhfdG9rZW5fc2VjcmV0PUNVYjdoQThZZ1ZtaDZKZlpqWXhpN3cyaEFxZExmeHBJJm9hdXRoX2NhbGxiYWNrX2NvbmZpcm1lZD10cnVlIl19','2016-03-20 10:37:47.940339'),('w9x2bv1xo3pc6bt91b13mrxvz85c0l1b','ZTg3ZTVmZTVhMTA5YjRlMDY4ZGVkN2UxMGZmYzRkYzhlYTkwODhkYjp7Il9hdXRoX3VzZXJfaWQiOiI0MCIsInR3aXR0ZXJ1bmF1dGhvcml6ZWRfdG9rZW5fbmFtZSI6W10sInR3aXR0ZXJfc3RhdGUiOiJVbDdiZnU1MFJrUGxXemxmZlVvTTVRTW1zbnZ2YlhXYyIsInNvY2lhbF9hdXRoX2xhc3RfbG9naW5fYmFja2VuZCI6InR3aXR0ZXIiLCJfYXV0aF91c2VyX2JhY2tlbmQiOiJzb2NpYWwuYmFja2VuZHMudHdpdHRlci5Ud2l0dGVyT0F1dGgiLCJfYXV0aF91c2VyX2hhc2giOiIwNDM3NDE4NjM1NmVlNGUyNzdhNDc5YzA3ZGZhZjI4OThmYzcyY2I3In0=','2016-03-20 16:06:06.719724'),('wm693z0gctog5gcuc0kvcddq4mo4b92t','ODQyYTdkOGUzYmI0ZTQyMjE2M2RiZWE1YTMwNDY4OGI2ZDAyY2Y2Yzp7Il9hdXRoX3VzZXJfaWQiOiIzMCIsInR3aXR0ZXJ1bmF1dGhvcml6ZWRfdG9rZW5fbmFtZSI6W10sInR3aXR0ZXJfc3RhdGUiOiJKVnJuUXg0Rk1RSzZLY1dCNWlHQXRhbzRwTjE5TG9uUSIsInNvY2lhbF9hdXRoX2xhc3RfbG9naW5fYmFja2VuZCI6InR3aXR0ZXIiLCJfYXV0aF91c2VyX2JhY2tlbmQiOiJzb2NpYWwuYmFja2VuZHMudHdpdHRlci5Ud2l0dGVyT0F1dGgiLCJfYXV0aF91c2VyX2hhc2giOiIzNWZlNjlkMzY0MWVjM2IzYmEwN2QzMThiZDk4ZDkyZTNkYjFiOTdkIn0=','2016-03-20 14:25:29.333551'),('x72c1i7tuc74kc43107e0hztbu14p5rf','MGU1MGI4YzVkZWM0MDY4YTgwNDFkNmZhOTI2YjdhNTkwNGU1MWI1ODp7InR3aXR0ZXJfc3RhdGUiOiJZb2E5eU1vaHBpMlU5YXJwUnRaR1VZZG9MZDNtQURUdyIsInR3aXR0ZXJ1bmF1dGhvcml6ZWRfdG9rZW5fbmFtZSI6WyJvYXV0aF90b2tlbj1faTIyY2dBQUFBQUFrZHFTQUFBQlUxQ3lqSHMmb2F1dGhfdG9rZW5fc2VjcmV0PWpFRXNOY2w0WmdRVjFwcG81TjVUUmg5NXRzMVBwOUtYJm9hdXRoX2NhbGxiYWNrX2NvbmZpcm1lZD10cnVlIl19','2016-03-21 10:49:52.133870'),('x7a3xw6j31sm4jcnwbd4atf9hcwtme16','MDgwMWVhODg1MzQ1NmY4NzgyZDNmZTM4ZjQzYmRiNTBkZWYxMTAxMjp7InR3aXR0ZXJfc3RhdGUiOiJidzVTM2lUaThDaDlYWkYyenhWNzlnZ3ZVVUF1eTdQNyIsInR3aXR0ZXJ1bmF1dGhvcml6ZWRfdG9rZW5fbmFtZSI6WyJvYXV0aF90b2tlbj1JVEVvWWdBQUFBQUFrZHFTQUFBQlUxWDFvZHcmb2F1dGhfdG9rZW5fc2VjcmV0PWNlNE1GUzdEbFdDTGxEcGlEdm9lU1ZETXNROTFyWFBkJm9hdXRoX2NhbGxiYWNrX2NvbmZpcm1lZD10cnVlIl19','2016-03-22 11:21:14.605690'),('xepzns7wydj1esveruqtz8bppkz8io6i','MDlkMzQ1MjJjMzIxYWNmYWMyMjk4Yjc1N2VlZDU2YWYwMjY3OTRmZTp7Il9hdXRoX3VzZXJfaWQiOiIzMyIsInR3aXR0ZXJ1bmF1dGhvcml6ZWRfdG9rZW5fbmFtZSI6W10sInR3aXR0ZXJfc3RhdGUiOiJLbEg0RXl2WlhGZkdMWWV3eHhzVmxEdjliU01ZRVByUCIsInNvY2lhbF9hdXRoX2xhc3RfbG9naW5fYmFja2VuZCI6InR3aXR0ZXIiLCJfYXV0aF91c2VyX2JhY2tlbmQiOiJzb2NpYWwuYmFja2VuZHMudHdpdHRlci5Ud2l0dGVyT0F1dGgiLCJfYXV0aF91c2VyX2hhc2giOiJkNGM1ODYzNmQ0MzU2OWEzMTBmMTdkZTQ4ZWRlNTFmY2E3Y2E3OTNlIn0=','2016-03-20 14:51:57.694661'),('xiu0y4s5jqujrsvjt5ksd94lqzy1u0oy','YTQ3NTQxMDFjNWUwN2YwMzZlNmZiNDYxMTA2ZWI3YjgzMWQyMDA5Mzp7InR3aXR0ZXJfc3RhdGUiOiJYdWp2RXlneWpoRUF1aTU0ZkxSckJRWEg1VjZRTW1VcCIsIl9hdXRoX3VzZXJfaWQiOiIyIiwic29jaWFsX2F1dGhfbGFzdF9sb2dpbl9iYWNrZW5kIjoidHdpdHRlciIsIl9hdXRoX3VzZXJfaGFzaCI6IjA1NWRkMzVkMDMxODRjZDRjYzNjMTEwYzhmMWVkNTNkZDk0ZjYzMzkiLCJ0d2l0dGVydW5hdXRob3JpemVkX3Rva2VuX25hbWUiOlsib2F1dGhfdG9rZW49NzFnTktnQUFBQUFBa2RxU0FBQUJVMFpqbEJrJm9hdXRoX3Rva2VuX3NlY3JldD1iUkNCQnBFNDRDMm5rTEhpMTEzcTlXRzBVYmVTVzRIbiZvYXV0aF9jYWxsYmFja19jb25maXJtZWQ9dHJ1ZSJdLCJfYXV0aF91c2VyX2JhY2tlbmQiOiJzb2NpYWwuYmFja2VuZHMudHdpdHRlci5Ud2l0dGVyT0F1dGgifQ==','2016-03-22 12:32:14.528401'),('xqnjfcgimgztiexs3ewmuhd5mkalv3bv','ZmUxMWQ4OGE4MjJiMzQ4NWJmODY1NDZmOGUzN2ZmOWZhMzY3MDZlNjp7Il9hdXRoX3VzZXJfaWQiOiIzMiIsInR3aXR0ZXJ1bmF1dGhvcml6ZWRfdG9rZW5fbmFtZSI6W10sInR3aXR0ZXJfc3RhdGUiOiI3VVc1cUlBOWVzajV3dk55VFlYN2pFN21FRks0eU5nZSIsInNvY2lhbF9hdXRoX2xhc3RfbG9naW5fYmFja2VuZCI6InR3aXR0ZXIiLCJfYXV0aF91c2VyX2JhY2tlbmQiOiJzb2NpYWwuYmFja2VuZHMudHdpdHRlci5Ud2l0dGVyT0F1dGgiLCJfYXV0aF91c2VyX2hhc2giOiJhMTkyYTIwNzQ0YmE0YjdlMWJlNjQ5ZGY1Yzg1OGZjN2IxYjliMjlmIn0=','2016-03-20 14:46:44.002597'),('xv4tcexi01j6xa890k56u4lsw2ydytt6','NWYxYTU0NzUyZDkzYWNjMmMxZDc1MGU4YmQ4NTMxN2I2ZDE2ZjFhMjp7InR3aXR0ZXJfc3RhdGUiOiJLNmgzOVFPTW5iSVppdGFQcXMyY2xTWTdmTHc3Y3N5NiIsInR3aXR0ZXJ1bmF1dGhvcml6ZWRfdG9rZW5fbmFtZSI6WyJvYXV0aF90b2tlbj1ZbUNaUFFBQUFBQUFrZHFTQUFBQlUweElfOHMmb2F1dGhfdG9rZW5fc2VjcmV0PUdIZ2F0c210Qmppa0d4Ujh2YTFCUmt5NjVQTXRacjcwJm9hdXRoX2NhbGxiYWNrX2NvbmZpcm1lZD10cnVlIl19','2016-03-20 14:16:05.974448'),('y4ztkkjgvhpsbme9adj2pb5frhdbq2cl','NDYzMTI2YTNkMGRjOGIxNzNlM2UyYTJmMGY4YjZlZWVhNDE3MzNjMTp7Il9hdXRoX3VzZXJfaWQiOiI1MiIsInR3aXR0ZXJ1bmF1dGhvcml6ZWRfdG9rZW5fbmFtZSI6W10sInR3aXR0ZXJfc3RhdGUiOiJVaWdqZHBNVEVWQzVoYmxCSzhjMWlySlhtcFhEYVN6aSIsInNvY2lhbF9hdXRoX2xhc3RfbG9naW5fYmFja2VuZCI6InR3aXR0ZXIiLCJfYXV0aF91c2VyX2JhY2tlbmQiOiJzb2NpYWwuYmFja2VuZHMudHdpdHRlci5Ud2l0dGVyT0F1dGgiLCJfYXV0aF91c2VyX2hhc2giOiI4YjA3MTNlZjdkMDUwNWY1ZjQ0OTI5ZjAxM2I2MDViYmQ5ZGRjZWQyIn0=','2016-03-21 02:42:10.832787'),('ybd07lz0l3s16dphaahniwkcqzy7bjvl','ODY0YTcwMzM3NDllMmY5YTUzNDIxZjNlOTk3OTA2ZDQwNDBiNWE2Yzp7Il9hdXRoX3VzZXJfaWQiOiI0OCIsInR3aXR0ZXJ1bmF1dGhvcml6ZWRfdG9rZW5fbmFtZSI6W10sInR3aXR0ZXJfc3RhdGUiOiJJN0JOa0NKZTFYbTRIbTVscjVVQ21YelhLUzJCZUVhbyIsInNvY2lhbF9hdXRoX2xhc3RfbG9naW5fYmFja2VuZCI6InR3aXR0ZXIiLCJfYXV0aF91c2VyX2JhY2tlbmQiOiJzb2NpYWwuYmFja2VuZHMudHdpdHRlci5Ud2l0dGVyT0F1dGgiLCJfYXV0aF91c2VyX2hhc2giOiI2NGU5ODZiOWIxNzkwNDlmYTFiYzljZjgyZWJmYjNkOWFmOWE5MjkwIn0=','2016-03-21 01:47:08.940767'),('yryc3exyti1ft4fpy3hdyk2dg1zoqytn','MjhjZmNhYTkwZGEzOWU0NmNjZDE4ZjQ0MzEyZjU3OGIxMTJkZDI4Yzp7Il9hdXRoX3VzZXJfaWQiOiI0MCIsInR3aXR0ZXJ1bmF1dGhvcml6ZWRfdG9rZW5fbmFtZSI6WyJvYXV0aF90b2tlbj1KYWpjQkFBQUFBQUFrZHFTQUFBQlUweXlMMVUmb2F1dGhfdG9rZW5fc2VjcmV0PTJKRkNUMXNTMW5OVE9qdGlMZGMzMjd3TGtXdVpncGE4Jm9hdXRoX2NhbGxiYWNrX2NvbmZpcm1lZD10cnVlIl0sInR3aXR0ZXJfc3RhdGUiOiIxNU9TSEU5ZkdXZTBLQXdDTVNlT1JjOE11WmtmeHVpYSIsInNvY2lhbF9hdXRoX2xhc3RfbG9naW5fYmFja2VuZCI6InR3aXR0ZXIiLCJfYXV0aF91c2VyX2JhY2tlbmQiOiJzb2NpYWwuYmFja2VuZHMudHdpdHRlci5Ud2l0dGVyT0F1dGgiLCJfYXV0aF91c2VyX2hhc2giOiIwNDM3NDE4NjM1NmVlNGUyNzdhNDc5YzA3ZGZhZjI4OThmYzcyY2I3In0=','2016-03-20 16:11:03.521023'),('z2557k20lfu1494c4es4rp0sc5e8sidq','OTVkN2RmOWI4MjdkZjU5NTQyMjUzZDhhNmQzNGJkMzY1MDY3MDg1NDp7Il9hdXRoX3VzZXJfaWQiOiI0NSIsInR3aXR0ZXJ1bmF1dGhvcml6ZWRfdG9rZW5fbmFtZSI6WyJvYXV0aF90b2tlbj1ramFKV2dBQUFBQUFrZHFTQUFBQlUwNjJhRk0mb2F1dGhfdG9rZW5fc2VjcmV0PVhSSTdvZkozQmxOVUVEVEdsSnVGQWNiblZOeWpwZ2lnJm9hdXRoX2NhbGxiYWNrX2NvbmZpcm1lZD10cnVlIl0sInR3aXR0ZXJfc3RhdGUiOiJTcDY5UTd4TFRqUFF5eEtPRkcxOW95ZU15QzlWTHVxVSIsInNvY2lhbF9hdXRoX2xhc3RfbG9naW5fYmFja2VuZCI6InR3aXR0ZXIiLCJfYXV0aF91c2VyX2JhY2tlbmQiOiJzb2NpYWwuYmFja2VuZHMudHdpdHRlci5Ud2l0dGVyT0F1dGgiLCJfYXV0aF91c2VyX2hhc2giOiIzZWVhMzI2NzA3MzVhMzFjMTZlMjM0OWI2MGE2YzIyMjIzZjE5YzgzIn0=','2016-03-21 01:35:06.905056'),('zlhjxfb6pqcg620v8nv5khlqe16hlgm9','ZGVmMjM5MTE4NDY4MzQ5Njk2ZjgzOTNmNTc4NTUwYWU0YTkzNWFkYjp7Il9hdXRoX3VzZXJfaGFzaCI6IjhiNTZkM2I5NzU2ZTM5ZGRhNzY4N2ZiZmYwZDgwOTk2MjZmMGRlMzMiLCJfYXV0aF91c2VyX2JhY2tlbmQiOiJkamFuZ28uY29udHJpYi5hdXRoLmJhY2tlbmRzLk1vZGVsQmFja2VuZCIsIl9hdXRoX3VzZXJfaWQiOiIxIn0=','2016-03-21 04:11:55.877637'),('znc28z92xw3jrfzcj1fic1ut4hu8t35l','Zjc1ZTc3ZDkxMDUxZjEwYjEwN2ZmMTgzODVkMDhiN2Y0ZGY1ODVhMTp7InR3aXR0ZXJfc3RhdGUiOiJuQUVJRnlWNDdFZHo5MXJKWUJqQ3VvMW54c0QwWVpUeSIsInR3aXR0ZXJ1bmF1dGhvcml6ZWRfdG9rZW5fbmFtZSI6WyJvYXV0aF90b2tlbj1XQVJZZ3dBQUFBQUFrZHFTQUFBQlUwOGRRcWMmb2F1dGhfdG9rZW5fc2VjcmV0PUltbUk4VjdtRTJ6MmNoNkxKTkVGVVdySnhIdno2TG5nJm9hdXRoX2NhbGxiYWNrX2NvbmZpcm1lZD10cnVlIl19','2016-03-21 03:27:11.156817');
/*!40000 ALTER TABLE `django_session` ENABLE KEYS */;
UNLOCK TABLES;

--
-- Table structure for table `main_bad_count`
--

DROP TABLE IF EXISTS `main_bad_count`;
/*!40101 SET @saved_cs_client     = @@character_set_client */;
/*!40101 SET character_set_client = utf8 */;
CREATE TABLE `main_bad_count` (
  `id` int(11) NOT NULL AUTO_INCREMENT,
  `bad_count` int(10) unsigned NOT NULL,
  `updated_at` datetime(6) NOT NULL,
  `music_id` int(11) NOT NULL,
  `user_id` int(11) NOT NULL,
  PRIMARY KEY (`id`),
  KEY `main_bad_count_73f62de4` (`music_id`),
  KEY `main_bad_count_e8701ad4` (`user_id`),
  CONSTRAINT `main_bad_count_music_id_f4e025f0_fk_main_music_id` FOREIGN KEY (`music_id`) REFERENCES `main_music` (`id`),
  CONSTRAINT `main_bad_count_user_id_7b13038b_fk_users_customuser_id` FOREIGN KEY (`user_id`) REFERENCES `users_customuser` (`id`)
) ENGINE=InnoDB AUTO_INCREMENT=993 DEFAULT CHARSET=utf8;
/*!40101 SET character_set_client = @saved_cs_client */;

--
-- Dumping data for table `main_bad_count`
--

LOCK TABLES `main_bad_count` WRITE;
/*!40000 ALTER TABLE `main_bad_count` DISABLE KEYS */;
INSERT INTO `main_bad_count` VALUES (1,27,'2016-03-06 10:50:13.059491',18,3),(2,22,'2016-03-06 10:50:26.179576',10,3),(3,21,'2016-03-06 10:50:37.482131',11,3),(4,15,'2016-03-06 10:50:47.001598',12,3),(5,18,'2016-03-06 10:51:17.235126',14,3),(6,21,'2016-03-06 10:51:30.654166',16,3),(7,27,'2016-03-06 10:51:39.010738',17,3),(8,22,'2016-03-06 10:51:49.093488',9,3),(9,20,'2016-03-06 10:52:16.736805',19,3),(10,18,'2016-03-06 10:56:52.167991',22,3),(11,18,'2016-03-06 10:57:05.540506',27,3),(12,12,'2016-03-06 10:57:14.044775',28,3),(13,34,'2016-03-06 12:34:56.244186',19,14),(14,30,'2016-03-06 12:35:25.016911',24,14),(15,44,'2016-03-06 12:36:05.208551',21,14),(16,25,'2016-03-06 12:36:13.970763',23,14),(17,30,'2016-03-06 12:36:30.294816',22,14),(18,30,'2016-03-06 12:38:09.277309',20,14),(19,40,'2016-03-06 12:38:17.006085',25,14),(20,35,'2016-03-06 12:38:47.235667',26,14),(21,32,'2016-03-06 12:38:59.799719',27,14),(22,19,'2016-03-06 12:39:05.840874',28,14),(23,29,'2016-03-06 12:39:36.751494',13,14),(24,45,'2016-03-06 12:39:53.307126',15,14),(28,39,'2016-03-06 14:02:00.104566',322,24),(29,32,'2016-03-06 14:02:25.729460',328,24),(30,37,'2016-03-06 14:03:52.243055',306,24),(31,39,'2016-03-06 14:04:16.786053',277,24),(32,47,'2016-03-06 14:04:47.697532',225,24),(33,38,'2016-03-06 14:05:03.886670',222,24),(34,26,'2016-03-06 14:05:27.747649',269,24),(35,38,'2016-03-06 14:06:00.410483',239,24),(36,45,'2016-03-06 14:13:55.738435',52,29),(37,37,'2016-03-06 14:15:35.080600',53,29),(38,45,'2016-03-06 14:16:23.975584',61,29),(39,47,'2016-03-07 12:34:24.646842',63,29),(40,39,'2016-03-06 14:17:29.250889',54,29),(41,33,'2016-03-06 14:17:55.633027',57,29),(42,40,'2016-03-06 14:20:38.271181',59,29),(43,55,'2016-03-06 14:21:14.519531',62,29),(44,22,'2016-03-06 14:22:43.966922',100,29),(45,40,'2016-03-06 14:23:53.407181',56,29),(46,39,'2016-03-06 14:25:20.132523',77,29),(47,21,'2016-03-06 14:25:59.979103',96,29),(48,39,'2016-03-06 14:26:26.531187',68,29),(49,35,'2016-03-06 14:26:58.028130',76,29),(50,40,'2016-03-06 14:27:13.743019',79,29),(51,39,'2016-03-06 14:27:46.480605',98,29),(52,43,'2016-03-06 14:35:04.617531',29,29),(53,47,'2016-03-06 14:36:17.885089',38,29),(54,33,'2016-03-06 14:40:22.135383',44,29),(55,44,'2016-03-06 14:40:41.268787',50,29),(56,38,'2016-03-06 14:40:55.714026',42,29),(57,16,'2016-03-06 14:42:23.598563',64,29),(58,33,'2016-03-06 14:43:25.942119',55,29),(59,17,'2016-03-06 14:44:29.474225',5,10),(60,38,'2016-03-06 14:44:54.894456',58,29),(61,35,'2016-03-06 14:45:24.840372',60,29),(62,2,'2016-03-06 14:45:41.402555',41,10),(63,0,'2016-03-06 14:45:55.797693',104,10),(64,42,'2016-03-06 14:46:06.031413',69,29),(65,6,'2016-03-06 14:46:07.576266',105,10),(66,34,'2016-03-06 14:46:21.028527',73,29),(67,45,'2016-03-06 14:46:38.146417',74,29),(68,37,'2016-03-06 14:46:59.859359',70,29),(69,40,'2016-03-06 14:50:27.141609',71,29),(70,24,'2016-03-06 14:50:54.269189',104,29),(71,42,'2016-03-06 14:51:42.514991',75,29),(72,33,'2016-03-06 14:53:28.469947',107,32),(73,36,'2016-03-06 14:54:56.735740',19,33),(74,30,'2016-03-06 14:55:06.454061',113,32),(75,39,'2016-03-06 14:55:20.856835',24,33),(76,45,'2016-03-06 14:55:35.451801',26,33),(77,46,'2016-03-06 14:55:41.722580',108,32),(78,40,'2016-03-06 14:56:03.335166',21,33),(79,55,'2016-03-06 14:56:24.195528',118,32),(80,36,'2016-03-06 14:56:41.072894',22,33),(81,38,'2016-03-06 14:57:05.625535',27,33),(82,37,'2016-03-06 14:57:52.440163',35,33),(83,39,'2016-03-06 14:58:18.801293',40,33),(84,32,'2016-03-06 14:58:50.785844',43,33),(85,20,'2016-03-06 14:58:58.707680',50,33),(86,34,'2016-03-06 14:59:15.243590',42,33),(87,44,'2016-03-06 14:59:33.485870',31,33),(88,36,'2016-03-06 14:59:52.226371',30,33),(89,43,'2016-03-06 15:00:12.483709',75,33),(90,44,'2016-03-06 15:00:26.767172',36,33),(91,49,'2016-03-06 15:00:47.857463',29,33),(92,49,'2016-03-06 15:01:01.603518',34,33),(93,30,'2016-03-06 15:01:02.292572',109,32),(94,13,'2016-03-06 15:01:17.654887',41,33),(95,34,'2016-03-06 15:01:18.331096',115,32),(96,45,'2016-03-06 15:01:33.248072',38,33),(97,38,'2016-03-06 15:01:33.518439',117,32),(98,36,'2016-03-06 15:01:45.200020',121,32),(99,6,'2016-03-06 15:01:50.429131',303,29),(100,38,'2016-03-06 15:01:58.105567',122,32),(101,39,'2016-03-06 15:02:09.153269',32,33),(102,33,'2016-03-06 15:02:12.407730',123,32),(103,44,'2016-03-06 15:02:22.513712',37,33),(104,36,'2016-03-06 15:02:29.778671',126,32),(105,46,'2016-03-06 15:02:34.274584',39,33),(106,27,'2016-03-06 15:02:58.628374',48,33),(107,27,'2016-03-06 15:03:04.900227',112,32),(108,40,'2016-03-06 15:03:09.632584',45,33),(109,39,'2016-03-06 15:03:21.420926',49,33),(110,47,'2016-03-06 15:03:22.841015',116,32),(111,39,'2016-03-06 15:03:59.293142',47,33),(112,28,'2016-03-06 15:04:18.456092',120,32),(113,31,'2016-03-06 15:04:27.193156',53,33),(114,41,'2016-03-06 15:04:40.206383',33,33),(115,57,'2016-03-06 15:04:48.646529',90,32),(116,27,'2016-03-06 15:05:09.167418',58,33),(117,30,'2016-03-06 15:05:10.117548',95,32),(118,35,'2016-03-06 15:05:27.141129',44,33),(119,26,'2016-03-06 15:05:43.728858',51,33),(120,38,'2016-03-06 15:06:10.240953',128,32),(121,48,'2016-03-06 15:06:21.175917',46,33),(122,40,'2016-03-06 15:06:24.715494',131,32),(123,30,'2016-03-06 15:06:41.264172',139,32),(124,32,'2016-03-06 15:06:49.533327',54,33),(125,38,'2016-03-06 15:07:09.745731',129,32),(126,45,'2016-03-06 15:07:20.226665',61,33),(127,26,'2016-03-06 15:07:31.947314',140,32),(128,64,'2016-03-06 15:07:34.908063',63,33),(129,27,'2016-03-06 15:08:01.879425',144,32),(130,29,'2016-03-06 15:08:06.680691',70,33),(131,39,'2016-03-06 15:08:11.061307',130,32),(132,46,'2016-03-06 15:08:20.986495',127,32),(133,23,'2016-03-06 15:08:28.055756',64,33),(134,26,'2016-03-06 15:08:44.017027',71,33),(135,42,'2016-03-06 15:08:57.935440',141,32),(136,30,'2016-03-06 15:09:10.454310',136,32),(137,45,'2016-03-06 15:09:10.805598',56,33),(138,31,'2016-03-06 15:09:22.889369',132,32),(139,47,'2016-03-06 15:09:33.531345',138,32),(140,38,'2016-03-06 15:10:49.665696',82,33),(141,44,'2016-03-06 15:11:15.433287',83,33),(142,37,'2016-03-06 15:11:51.496687',72,33),(143,43,'2016-03-06 15:18:32.814944',57,33),(144,17,'2016-03-06 15:19:44.129984',152,33),(145,62,'2016-03-08 07:21:11.752150',388,5),(146,41,'2016-03-06 15:21:22.451221',60,33),(147,51,'2016-03-06 15:22:10.151343',67,33),(148,34,'2016-03-06 15:22:27.577973',65,33),(149,40,'2016-03-06 15:22:44.733618',66,33),(150,30,'2016-03-06 15:23:53.141048',89,33),(151,8,'2016-03-06 15:34:33.086630',388,37),(152,17,'2016-03-06 15:34:43.784060',389,37),(153,8,'2016-03-06 15:34:52.317982',390,37),(154,12,'2016-03-06 15:35:04.903405',391,37),(155,19,'2016-03-06 15:35:15.262454',392,37),(156,7,'2016-03-06 15:40:46.139144',401,37),(157,4,'2016-03-06 15:41:11.513726',400,37),(158,10,'2016-03-06 15:41:26.551658',399,37),(159,4,'2016-03-06 15:41:33.986201',398,37),(160,19,'2016-03-06 15:41:54.675498',397,37),(161,10,'2016-03-06 15:42:07.661403',396,37),(162,5,'2016-03-06 15:42:16.408622',395,37),(163,20,'2016-03-06 15:43:10.882498',394,37),(164,6,'2016-03-07 10:49:47.653993',393,37),(165,13,'2016-03-06 15:43:27.767427',409,37),(166,9,'2016-03-06 15:43:35.168260',410,37),(167,21,'2016-03-06 15:43:44.827543',411,37),(168,10,'2016-03-06 15:43:53.903269',412,37),(169,8,'2016-03-06 15:44:00.517469',413,37),(170,5,'2016-03-06 15:44:06.948959',408,37),(171,6,'2016-03-06 15:44:13.296782',407,37),(172,10,'2016-03-06 15:44:23.698435',406,37),(173,9,'2016-03-06 15:44:32.031015',405,37),(174,14,'2016-03-06 15:44:39.495588',404,37),(175,6,'2016-03-06 15:44:56.588790',403,37),(176,8,'2016-03-06 15:45:03.606134',402,37),(177,18,'2016-03-06 15:45:15.703421',418,37),(178,7,'2016-03-06 15:45:21.963054',417,37),(179,13,'2016-03-06 15:45:31.338220',416,37),(180,12,'2016-03-06 15:45:38.987656',415,37),(181,10,'2016-03-06 15:45:47.732202',414,37),(182,11,'2016-03-06 15:45:55.279956',419,37),(183,3,'2016-03-06 15:46:03.311885',420,37),(184,9,'2016-03-06 15:46:10.768135',421,37),(185,13,'2016-03-06 15:46:17.177355',422,37),(186,12,'2016-03-07 12:40:58.994561',423,37),(187,5,'2016-03-06 15:46:29.023038',424,37),(188,18,'2016-03-06 15:48:49.887747',332,37),(189,21,'2016-03-06 15:48:58.274677',337,37),(190,27,'2016-03-06 15:49:07.384833',336,37),(191,6,'2016-03-06 15:49:13.468982',335,37),(192,18,'2016-03-06 15:49:23.314641',334,37),(193,20,'2016-03-06 15:49:30.956826',333,37),(194,18,'2016-03-06 15:49:38.296098',346,37),(195,6,'2016-03-06 15:49:44.340550',345,37),(196,10,'2016-03-06 15:49:51.249125',344,37),(197,28,'2016-03-06 15:49:57.752668',343,37),(198,20,'2016-03-06 15:50:04.674719',342,37),(199,18,'2016-03-06 15:50:12.062864',341,37),(200,8,'2016-03-06 15:50:21.292150',340,37),(201,15,'2016-03-06 15:50:31.010024',339,37),(202,15,'2016-03-06 15:50:39.389786',338,37),(203,13,'2016-03-06 15:50:47.196847',357,37),(204,17,'2016-03-06 15:50:53.279979',356,37),(205,17,'2016-03-06 15:50:59.767924',355,37),(206,11,'2016-03-06 15:51:06.806922',354,37),(207,20,'2016-03-06 15:51:22.851177',353,37),(208,24,'2016-03-06 15:51:30.461925',352,37),(209,21,'2016-03-06 15:51:39.963623',351,37),(210,11,'2016-03-06 15:51:50.081639',350,37),(211,13,'2016-03-06 15:51:57.471010',349,37),(212,9,'2016-03-06 15:52:07.176281',348,37),(213,18,'2016-03-06 15:52:15.109156',347,37),(214,15,'2016-03-06 15:52:31.088889',364,37),(215,10,'2016-03-06 15:52:41.963525',365,37),(216,7,'2016-03-06 15:52:51.211741',366,37),(217,14,'2016-03-06 15:52:57.744582',367,37),(218,15,'2016-03-06 15:53:04.430976',363,37),(219,12,'2016-03-06 15:53:11.000246',362,37),(220,10,'2016-03-06 15:53:20.143153',361,37),(221,19,'2016-03-06 15:53:26.622978',360,37),(222,19,'2016-03-06 15:53:36.926345',358,37),(223,23,'2016-03-06 15:53:43.609141',359,37),(224,8,'2016-03-06 15:58:29.008464',368,37),(225,15,'2016-03-06 15:58:36.514671',369,37),(226,20,'2016-03-06 15:58:46.715565',370,37),(227,5,'2016-03-06 16:06:25.207606',371,37),(228,6,'2016-03-06 16:06:39.173258',372,37),(229,7,'2016-03-06 16:06:50.981051',373,37),(230,15,'2016-03-06 16:07:08.935843',375,37),(231,14,'2016-03-06 16:07:19.903100',376,37),(232,5,'2016-03-06 16:07:26.942789',377,37),(233,5,'2016-03-06 16:07:33.973530',378,37),(234,6,'2016-03-06 16:07:40.685454',379,37),(235,7,'2016-03-06 16:07:48.508594',374,37),(236,10,'2016-03-06 16:08:02.072901',380,37),(237,11,'2016-03-06 16:08:58.165054',385,37),(238,17,'2016-03-06 16:09:04.936015',384,37),(239,4,'2016-03-06 16:09:15.182224',386,37),(240,7,'2016-03-06 16:09:22.422818',383,37),(241,12,'2016-03-06 16:09:29.132203',382,37),(242,3,'2016-03-06 16:09:36.924285',381,37),(243,3,'2016-03-06 16:09:43.202383',387,37),(244,9,'2016-03-06 16:11:58.323884',467,37),(245,12,'2016-03-06 16:12:06.621107',468,37),(246,12,'2016-03-06 16:12:12.534244',470,37),(247,13,'2016-03-06 16:12:18.906803',469,37),(248,22,'2016-03-07 12:28:15.605672',471,37),(249,13,'2016-03-06 16:12:37.933233',474,37),(250,10,'2016-03-06 16:12:44.959657',475,37),(251,13,'2016-03-06 16:14:04.261966',472,37),(252,6,'2016-03-06 16:14:11.700562',478,37),(253,3,'2016-03-07 12:33:20.501260',477,37),(254,6,'2016-03-06 16:14:33.653769',473,37),(255,6,'2016-03-06 16:14:41.788934',476,37),(256,20,'2016-03-06 16:14:56.794352',488,37),(257,8,'2016-03-06 16:15:06.472726',479,37),(258,7,'2016-03-06 16:15:17.097350',480,37),(259,14,'2016-03-06 16:15:27.296015',481,37),(260,8,'2016-03-06 16:15:35.242748',482,37),(261,5,'2016-03-06 16:15:42.776383',484,37),(262,7,'2016-03-06 16:15:51.475902',485,37),(263,8,'2016-03-06 16:16:01.703633',486,37),(264,4,'2016-03-06 16:16:36.710319',487,37),(265,5,'2016-03-06 16:16:45.647582',483,37),(266,10,'2016-03-06 16:16:54.897169',490,37),(267,8,'2016-03-06 16:17:02.544753',489,37),(268,10,'2016-03-06 16:17:10.937342',491,37),(269,12,'2016-03-06 16:17:17.308615',492,37),(270,5,'2016-03-06 16:17:23.898058',493,37),(271,18,'2016-03-06 16:17:30.503450',494,37),(272,10,'2016-03-06 16:17:39.156773',495,37),(273,20,'2016-03-06 16:18:22.358330',497,37),(274,17,'2016-03-06 16:18:31.600654',498,37),(275,7,'2016-03-06 16:18:44.099467',496,37),(276,5,'2016-03-06 16:18:59.054326',499,37),(277,1,'2016-03-07 12:38:03.376863',500,37),(278,20,'2016-03-06 16:19:24.591368',501,37),(279,5,'2016-03-06 16:19:32.539232',502,37),(280,20,'2016-03-07 12:17:34.901700',425,37),(281,22,'2016-03-06 16:20:11.449989',426,37),(282,11,'2016-03-06 16:20:49.502969',430,37),(283,4,'2016-03-06 16:20:57.420416',427,37),(284,10,'2016-03-06 16:21:08.103100',428,37),(285,10,'2016-03-06 16:21:24.862797',429,37),(286,17,'2016-03-06 16:21:37.076060',434,37),(287,5,'2016-03-06 16:21:45.121539',431,37),(288,21,'2016-03-06 16:21:51.554400',432,37),(289,27,'2016-03-06 16:21:57.715195',433,37),(290,17,'2016-03-06 16:22:09.134011',448,37),(291,21,'2016-03-06 16:22:16.116718',447,37),(292,9,'2016-03-06 16:22:23.902877',446,37),(293,16,'2016-03-06 16:22:31.970088',445,37),(294,14,'2016-03-06 16:22:42.538209',443,37),(295,21,'2016-03-06 16:22:53.586139',438,37),(296,20,'2016-03-06 16:23:03.811537',441,37),(297,5,'2016-03-06 16:23:12.002650',440,37),(298,13,'2016-03-06 16:23:20.902148',439,37),(299,6,'2016-03-06 16:23:31.395925',437,37),(300,8,'2016-03-06 16:23:38.254186',436,37),(301,13,'2016-03-06 16:23:46.445128',435,37),(302,3,'2016-03-06 16:23:54.187184',442,37),(303,13,'2016-03-06 16:24:01.878482',444,37),(304,14,'2016-03-06 16:24:09.806261',450,37),(305,9,'2016-03-06 16:24:20.025081',458,37),(306,23,'2016-03-06 16:24:29.274483',464,37),(307,6,'2016-03-06 16:24:38.494306',463,37),(308,16,'2016-03-06 16:24:51.637488',451,37),(309,3,'2016-03-06 16:25:03.885298',453,37),(310,21,'2016-03-06 16:25:11.766565',449,37),(311,11,'2016-03-06 16:25:19.099957',455,37),(312,10,'2016-03-06 16:25:29.200298',457,37),(313,9,'2016-03-06 16:27:46.151785',456,37),(314,10,'2016-03-06 16:27:56.919460',459,37),(315,15,'2016-03-06 16:28:05.670139',460,37),(316,14,'2016-03-06 16:28:17.149660',461,37),(317,17,'2016-03-06 16:28:24.540041',462,37),(318,4,'2016-03-06 16:28:32.705375',452,37),(319,11,'2016-03-06 16:28:42.709565',454,37),(320,13,'2016-03-06 16:28:53.064605',465,37),(321,10,'2016-03-06 16:29:00.755581',466,37),(322,39,'2016-03-06 16:30:02.557005',281,37),(323,10,'2016-03-06 16:30:12.909162',282,37),(324,11,'2016-03-06 16:30:19.225480',283,37),(325,24,'2016-03-06 16:30:26.501176',286,37),(326,28,'2016-03-06 16:30:35.170424',284,37),(327,10,'2016-03-06 16:30:41.349776',285,37),(328,26,'2016-03-06 16:30:56.989900',287,37),(329,9,'2016-03-07 12:06:04.707531',288,37),(330,21,'2016-03-06 16:31:15.505512',289,37),(331,21,'2016-03-06 16:31:22.568518',290,37),(332,15,'2016-03-06 16:31:34.343619',291,37),(333,15,'2016-03-06 16:31:39.857771',292,37),(334,25,'2016-03-06 16:31:50.281570',293,37),(335,12,'2016-03-06 16:31:57.279287',294,37),(336,13,'2016-03-06 16:32:06.657616',295,37),(337,19,'2016-03-06 16:32:17.425327',296,37),(338,17,'2016-03-06 16:32:26.822847',297,37),(339,16,'2016-03-06 16:32:34.734053',298,37),(340,16,'2016-03-06 16:32:41.780553',299,37),(341,13,'2016-03-06 16:32:48.045509',300,37),(342,18,'2016-03-06 16:32:55.414949',301,37),(343,11,'2016-03-07 12:08:37.716130',302,37),(344,4,'2016-03-07 11:28:57.192980',303,37),(345,27,'2016-03-06 16:33:20.504044',304,37),(346,11,'2016-03-06 16:33:31.320727',305,37),(347,11,'2016-03-06 16:33:37.315282',306,37),(348,12,'2016-03-07 11:07:47.574734',307,37),(349,9,'2016-03-06 16:34:18.042950',308,37),(350,20,'2016-03-06 16:34:25.331482',309,37),(351,22,'2016-03-06 16:34:31.739861',310,37),(352,12,'2016-03-06 16:34:44.310566',311,37),(353,5,'2016-03-06 16:34:57.786551',312,37),(354,19,'2016-03-06 16:35:04.808155',313,37),(355,10,'2016-03-06 16:35:11.366990',314,37),(356,19,'2016-03-06 16:35:19.107122',315,37),(357,18,'2016-03-06 16:35:25.518819',316,37),(358,18,'2016-03-06 16:35:32.950315',317,37),(359,16,'2016-03-06 16:35:41.529293',318,37),(360,6,'2016-03-06 16:35:51.287562',319,37),(361,18,'2016-03-06 16:35:58.811823',320,37),(362,14,'2016-03-06 16:36:06.146195',321,37),(363,15,'2016-03-06 16:36:12.623941',322,37),(364,6,'2016-03-06 16:36:27.432178',323,37),(365,20,'2016-03-06 16:36:34.869840',324,37),(366,9,'2016-03-06 16:36:46.562077',325,37),(367,23,'2016-03-06 16:36:54.971286',326,37),(368,19,'2016-03-06 16:37:05.657472',327,37),(369,20,'2016-03-06 16:37:12.304765',328,37),(370,10,'2016-03-06 16:37:19.977706',329,37),(371,12,'2016-03-06 16:37:25.850834',330,37),(372,15,'2016-03-06 16:37:34.332203',331,37),(373,16,'2016-03-06 16:39:35.783099',246,37),(374,20,'2016-03-06 16:40:28.879766',247,37),(375,17,'2016-03-06 16:40:45.620662',248,37),(376,15,'2016-03-06 16:41:06.948402',249,37),(377,30,'2016-03-06 16:41:13.448522',250,37),(378,20,'2016-03-06 16:41:19.704967',251,37),(379,28,'2016-03-06 16:41:26.142508',252,37),(380,23,'2016-03-06 16:41:37.233466',253,37),(381,22,'2016-03-06 16:41:43.877963',254,37),(382,8,'2016-03-06 16:42:02.255680',255,37),(383,23,'2016-03-06 16:42:08.120580',256,37),(384,21,'2016-03-06 16:42:14.121112',257,37),(385,20,'2016-03-06 16:42:20.565634',258,37),(386,28,'2016-03-06 16:42:28.162387',259,37),(387,11,'2016-03-06 16:42:45.935409',260,37),(388,18,'2016-03-06 16:42:52.305697',261,37),(389,13,'2016-03-06 16:42:57.739885',262,37),(390,17,'2016-03-06 16:43:03.868747',263,37),(391,15,'2016-03-06 16:43:09.794634',264,37),(392,24,'2016-03-06 16:43:15.993313',265,37),(393,20,'2016-03-06 16:43:22.451833',266,37),(394,24,'2016-03-06 16:43:31.646546',267,37),(395,18,'2016-03-06 16:43:45.419604',268,37),(396,17,'2016-03-06 16:44:27.184487',269,37),(397,12,'2016-03-06 16:44:37.425821',270,37),(398,8,'2016-03-06 16:44:43.797812',271,37),(399,17,'2016-03-06 16:44:51.006396',272,37),(400,24,'2016-03-06 16:44:57.336218',273,37),(401,18,'2016-03-06 16:45:04.412558',274,37),(402,15,'2016-03-06 16:45:11.128389',275,37),(403,11,'2016-03-06 17:13:29.226318',276,37),(404,18,'2016-03-06 16:45:26.328679',277,37),(405,10,'2016-03-06 16:45:34.667471',278,37),(406,11,'2016-03-06 16:45:40.888422',279,37),(407,14,'2016-03-06 16:45:47.247495',280,37),(408,33,'2016-03-06 16:46:04.553819',208,37),(409,22,'2016-03-06 16:46:12.805462',209,37),(410,15,'2016-03-07 12:20:57.008167',210,37),(411,24,'2016-03-06 16:46:27.145052',211,37),(412,22,'2016-03-06 16:46:33.922490',212,37),(413,27,'2016-03-06 16:46:41.061749',213,37),(414,23,'2016-03-06 16:46:47.200201',214,37),(415,21,'2016-03-06 16:46:53.903197',215,37),(416,23,'2016-03-06 16:47:01.250828',216,37),(417,21,'2016-03-06 16:47:10.701346',217,37),(418,19,'2016-03-06 16:47:16.510678',218,37),(419,24,'2016-03-06 16:47:22.156975',219,37),(420,33,'2016-03-06 16:47:28.873936',220,37),(421,19,'2016-03-06 16:47:36.055044',221,37),(422,14,'2016-03-06 16:47:42.198971',222,37),(423,10,'2016-03-07 10:53:32.305196',223,37),(424,28,'2016-03-06 16:47:59.712429',224,37),(425,30,'2016-03-06 16:48:07.092396',225,37),(426,23,'2016-03-06 16:48:13.642310',226,37),(427,24,'2016-03-06 16:48:19.363444',227,37),(428,20,'2016-03-06 16:48:25.412048',228,37),(429,22,'2016-03-06 16:48:31.692025',229,37),(430,20,'2016-03-06 16:48:39.450786',230,37),(431,26,'2016-03-06 16:48:47.627069',231,37),(432,17,'2016-03-06 16:48:57.240606',232,37),(433,15,'2016-03-06 16:49:04.008870',233,37),(434,17,'2016-03-06 16:49:11.399909',234,37),(435,23,'2016-03-06 16:49:19.752765',235,37),(436,19,'2016-03-06 16:49:28.364202',236,37),(437,17,'2016-03-06 16:49:37.261237',237,37),(438,10,'2016-03-06 16:49:43.967815',238,37),(439,19,'2016-03-06 16:49:51.786675',239,37),(440,16,'2016-03-06 16:49:58.322385',240,37),(441,18,'2016-03-06 16:50:06.981177',241,37),(442,12,'2016-03-06 16:50:14.831700',242,37),(443,26,'2016-03-06 16:50:22.834764',243,37),(444,24,'2016-03-06 16:50:30.523137',244,37),(445,11,'2016-03-06 16:50:38.334747',245,37),(446,18,'2016-03-06 16:50:57.456251',174,37),(447,20,'2016-03-06 16:51:03.409308',175,37),(448,23,'2016-03-06 16:51:10.857698',176,37),(449,38,'2016-03-06 16:51:16.577558',177,37),(450,17,'2016-03-06 16:51:53.175221',178,37),(451,25,'2016-03-06 16:52:09.024661',179,37),(452,19,'2016-03-06 16:52:19.158522',180,37),(453,17,'2016-03-06 16:52:35.169032',181,37),(454,22,'2016-03-06 16:52:52.078499',182,37),(455,25,'2016-03-06 16:53:00.183806',183,37),(456,29,'2016-03-06 16:53:07.410622',184,37),(457,14,'2016-03-06 16:53:15.691108',185,37),(458,19,'2016-03-06 16:53:21.861837',186,37),(459,29,'2016-03-06 16:53:28.471766',187,37),(460,24,'2016-03-06 16:53:34.554037',188,37),(461,34,'2016-03-06 16:53:44.465899',189,37),(462,21,'2016-03-06 16:53:53.500404',190,37),(463,30,'2016-03-06 16:54:01.311664',191,37),(464,33,'2016-03-06 16:54:08.315890',192,37),(465,20,'2016-03-06 16:54:15.391372',193,37),(466,22,'2016-03-06 16:54:21.585213',194,37),(467,33,'2016-03-06 16:54:29.328464',195,37),(468,30,'2016-03-06 16:54:35.608078',196,37),(469,12,'2016-03-06 16:54:41.890552',197,37),(470,24,'2016-03-06 16:54:48.410770',198,37),(471,20,'2016-03-06 16:54:55.072874',199,37),(472,29,'2016-03-06 16:55:02.898099',200,37),(473,21,'2016-03-06 16:55:13.424842',201,37),(474,37,'2016-03-06 16:55:21.822639',202,37),(475,28,'2016-03-06 16:55:28.949865',203,37),(476,27,'2016-03-06 16:55:36.557916',204,37),(477,26,'2016-03-06 16:55:43.141674',205,37),(478,31,'2016-03-06 16:55:50.312752',206,37),(479,15,'2016-03-06 16:55:57.700991',207,37),(480,18,'2016-03-06 16:56:14.967958',150,37),(481,17,'2016-03-06 16:56:20.747047',151,37),(482,16,'2016-03-06 16:56:27.183713',152,37),(483,20,'2016-03-06 16:56:38.991685',153,37),(484,22,'2016-03-06 16:56:45.843459',154,37),(485,15,'2016-03-06 16:56:56.631130',155,37),(486,26,'2016-03-06 16:57:02.816626',156,37),(488,24,'2016-03-06 16:57:08.505787',157,37),(489,32,'2016-03-06 16:57:16.133839',158,37),(490,29,'2016-03-06 16:57:22.322890',159,37),(491,30,'2016-03-06 16:57:30.278425',160,37),(492,15,'2016-03-06 16:57:38.051393',161,37),(493,27,'2016-03-06 16:57:46.670288',162,37),(494,7,'2016-03-06 16:57:53.797516',163,37),(495,35,'2016-03-06 16:57:59.171403',164,37),(496,28,'2016-03-06 16:58:05.802127',165,37),(497,19,'2016-03-06 16:58:11.993210',166,37),(498,13,'2016-03-06 16:58:18.070551',167,37),(499,15,'2016-03-06 16:58:25.319982',168,37),(500,20,'2016-03-06 16:58:31.200234',169,37),(501,31,'2016-03-06 16:58:37.396876',170,37),(502,25,'2016-03-06 16:59:07.324596',171,37),(503,19,'2016-03-06 16:59:13.835366',172,37),(504,7,'2016-03-06 16:59:20.981363',173,37),(505,23,'2016-03-06 17:03:00.656595',127,37),(506,19,'2016-03-06 17:03:08.771485',128,37),(507,28,'2016-03-06 17:03:17.193816',129,37),(508,29,'2016-03-06 17:03:28.905781',130,37),(509,37,'2016-03-06 17:03:35.612759',131,37),(510,26,'2016-03-06 17:03:44.970296',132,37),(511,25,'2016-03-06 17:03:52.522998',133,37),(512,23,'2016-03-06 17:03:58.520262',134,37),(513,29,'2016-03-06 17:04:05.424056',135,37),(514,34,'2016-03-06 17:04:11.860289',136,37),(515,33,'2016-03-06 17:04:18.702069',137,37),(516,30,'2016-03-06 17:04:29.622656',138,37),(517,26,'2016-03-06 17:04:39.275493',139,37),(518,24,'2016-03-06 17:04:45.233898',140,37),(519,32,'2016-03-06 17:04:52.956769',141,37),(520,38,'2016-03-06 17:04:59.595125',142,37),(521,22,'2016-03-06 17:05:08.240344',144,37),(522,35,'2016-03-06 17:05:14.465355',143,37),(523,7,'2016-03-06 17:05:24.989996',145,37),(524,20,'2016-03-06 17:05:32.371254',146,37),(525,13,'2016-03-06 17:05:39.404483',147,37),(526,9,'2016-03-06 17:05:46.603788',148,37),(527,21,'2016-03-06 17:05:52.602061',149,37),(528,40,'2016-03-06 17:06:06.474752',106,37),(529,26,'2016-03-06 17:06:12.291066',107,37),(530,35,'2016-03-06 17:06:20.724879',108,37),(531,35,'2016-03-06 17:06:31.692818',109,37),(532,29,'2016-03-07 12:23:38.891031',110,37),(533,28,'2016-03-06 17:06:51.368920',111,37),(534,33,'2016-03-06 17:06:59.193095',112,37),(535,26,'2016-03-06 17:07:09.055346',113,37),(536,38,'2016-03-06 17:07:25.111074',114,37),(537,30,'2016-03-06 17:07:36.008806',117,37),(538,30,'2016-03-06 17:07:51.537681',115,37),(539,36,'2016-03-06 17:08:01.420008',116,37),(540,29,'2016-03-06 17:08:09.621888',118,37),(541,32,'2016-03-06 17:08:21.012870',119,37),(542,25,'2016-03-06 17:08:29.096180',120,37),(543,30,'2016-03-06 17:08:37.184285',121,37),(544,15,'2016-03-06 17:08:43.334986',122,37),(545,18,'2016-03-06 17:08:51.424316',123,37),(546,19,'2016-03-06 17:09:05.004330',124,37),(547,20,'2016-03-06 17:09:14.090444',125,37),(548,31,'2016-03-06 17:09:21.166244',126,37),(549,27,'2016-03-06 17:09:34.020368',81,37),(550,34,'2016-03-06 17:09:39.818299',82,37),(551,42,'2016-03-06 17:09:51.130713',83,37),(552,28,'2016-03-06 17:10:11.267411',84,37),(553,23,'2016-03-06 17:10:17.986520',85,37),(554,30,'2016-03-06 17:10:24.913093',86,37),(555,30,'2016-03-06 17:10:31.864006',87,37),(556,32,'2016-03-06 17:10:38.176394',88,37),(557,23,'2016-03-06 17:10:45.375121',89,37),(558,39,'2016-03-06 17:10:51.866314',90,37),(559,27,'2016-03-06 17:10:58.984261',91,37),(560,32,'2016-03-06 17:11:15.905874',92,37),(561,25,'2016-03-06 17:11:24.394041',93,37),(562,34,'2016-03-06 17:11:30.792520',94,37),(563,35,'2016-03-06 17:11:37.367381',95,37),(564,31,'2016-03-06 17:11:44.236093',96,37),(565,30,'2016-03-06 17:11:52.665437',97,37),(566,30,'2016-03-06 17:12:01.913103',98,37),(567,27,'2016-03-06 17:12:15.912499',99,37),(568,18,'2016-03-06 17:12:25.374588',100,37),(569,34,'2016-03-06 17:12:31.988714',101,37),(570,31,'2016-03-06 17:12:38.907813',102,37),(571,25,'2016-03-07 12:02:15.693136',103,37),(572,16,'2016-03-06 17:13:00.452120',104,37),(573,33,'2016-03-06 17:13:07.833735',105,37),(574,37,'2016-03-06 17:13:53.585973',65,37),(575,53,'2016-03-06 17:14:06.435784',66,37),(576,36,'2016-03-06 17:14:15.468170',67,37),(577,37,'2016-03-06 17:14:22.149538',68,37),(578,33,'2016-03-06 17:14:29.286614',69,37),(579,37,'2016-03-06 17:14:37.124913',70,37),(580,33,'2016-03-06 17:14:42.622097',71,37),(581,47,'2016-03-06 17:14:48.982355',72,37),(582,40,'2016-03-06 17:14:57.003031',73,37),(583,39,'2016-03-06 17:15:05.740566',74,37),(584,35,'2016-03-06 17:15:13.451681',75,37),(585,39,'2016-03-06 17:15:20.584071',76,37),(586,37,'2016-03-06 17:15:27.957324',77,37),(587,41,'2016-03-06 17:15:36.330667',78,37),(588,38,'2016-03-06 17:15:43.238704',79,37),(589,26,'2016-03-06 17:15:52.207140',80,37),(590,39,'2016-03-07 12:44:06.129550',52,37),(591,40,'2016-03-06 17:16:30.394596',53,37),(592,28,'2016-03-06 17:16:42.625269',54,37),(593,33,'2016-03-06 17:16:51.152781',55,37),(594,36,'2016-03-06 17:17:01.471831',56,37),(595,43,'2016-03-06 17:17:13.575335',57,37),(596,16,'2016-03-06 17:17:23.568129',58,37),(597,34,'2016-03-06 17:17:31.183719',59,37),(598,27,'2016-03-06 17:17:41.450252',60,37),(599,24,'2016-03-06 17:17:47.684953',61,37),(600,35,'2016-03-06 17:17:58.927760',62,37),(601,71,'2016-03-06 17:18:09.783144',63,37),(602,29,'2016-03-06 17:18:20.696128',64,37),(603,35,'2016-03-06 17:18:44.837121',42,37),(604,47,'2016-03-06 17:18:57.715284',43,37),(605,36,'2016-03-06 17:19:08.232188',44,37),(606,48,'2016-03-06 17:19:17.274243',45,37),(607,30,'2016-03-06 17:19:26.017906',46,37),(608,45,'2016-03-06 17:19:32.661160',47,37),(609,44,'2016-03-07 12:47:03.996444',48,37),(610,48,'2016-03-06 17:19:49.066175',49,37),(611,47,'2016-03-06 17:19:58.212779',50,37),(612,44,'2016-03-06 17:20:04.761255',51,37),(613,53,'2016-03-06 17:20:21.313747',29,37),(614,43,'2016-03-06 17:20:28.799548',30,37),(615,59,'2016-03-06 17:20:38.417679',31,37),(616,49,'2016-03-06 17:20:47.706607',32,37),(617,35,'2016-03-06 17:21:04.539506',33,37),(618,48,'2016-03-06 17:21:13.286870',34,37),(619,43,'2016-03-06 17:21:22.493878',35,37),(620,57,'2016-03-06 17:21:32.098224',36,37),(621,51,'2016-03-06 17:21:43.323884',37,37),(622,43,'2016-03-06 17:21:50.237882',38,37),(623,41,'2016-03-06 17:21:56.454643',39,37),(624,52,'2016-03-06 17:22:04.504918',40,37),(625,18,'2016-03-06 17:22:12.174971',41,37),(626,20,'2016-03-06 17:22:19.649514',331,41),(627,80,'2016-03-06 17:22:29.834177',19,37),(628,16,'2016-03-06 17:22:35.505997',330,41),(629,37,'2016-03-06 17:22:55.533417',329,41),(630,23,'2016-03-06 17:23:14.476245',325,41),(631,28,'2016-03-06 17:23:29.483745',326,41),(632,41,'2016-03-06 17:23:44.474667',327,41),(633,36,'2016-03-06 17:24:02.251983',328,41),(634,32,'2016-03-06 17:24:22.652521',314,41),(635,36,'2016-03-06 17:24:39.019324',313,41),(636,50,'2016-03-06 17:24:57.832436',312,41),(637,36,'2016-03-06 17:25:15.708226',311,41),(638,31,'2016-03-06 17:25:30.083128',310,41),(639,21,'2016-03-06 17:25:55.507104',309,41),(640,23,'2016-03-06 17:26:12.809480',308,41),(641,44,'2016-03-06 17:26:25.813539',307,41),(642,38,'2016-03-06 17:26:41.930487',315,41),(643,42,'2016-03-06 17:26:55.249028',316,41),(644,28,'2016-03-06 17:27:11.136746',324,41),(645,45,'2016-03-06 17:27:27.189129',323,41),(646,34,'2016-03-06 17:27:49.305465',322,41),(647,80,'2016-03-06 17:28:07.359662',321,41),(648,31,'2016-03-06 17:28:17.491683',320,41),(649,54,'2016-03-06 17:28:32.619646',319,41),(650,39,'2016-03-06 17:28:51.610861',318,41),(651,41,'2016-03-06 17:29:00.737102',317,41),(652,32,'2016-03-06 17:29:19.883004',295,41),(653,29,'2016-03-06 17:29:33.560722',294,41),(654,66,'2016-03-06 17:29:49.559735',293,41),(655,36,'2016-03-06 17:29:58.771826',292,41),(656,45,'2016-03-06 17:30:12.629905',291,41),(657,22,'2016-03-06 17:30:21.826436',290,41),(658,38,'2016-03-06 17:30:55.509937',288,41),(659,38,'2016-03-06 17:31:10.978431',296,41),(660,41,'2016-03-06 17:31:21.942980',297,41),(661,31,'2016-03-06 17:31:38.392360',306,41),(662,33,'2016-03-06 17:31:50.373102',305,41),(663,50,'2016-03-06 17:32:05.029586',304,41),(664,64,'2016-03-06 17:32:20.224193',302,41),(665,51,'2016-03-06 17:32:28.216755',303,41),(666,22,'2016-03-06 17:32:40.536807',301,41),(667,29,'2016-03-06 17:32:56.592626',300,41),(668,36,'2016-03-06 17:33:04.234972',299,41),(669,40,'2016-03-06 17:33:38.036472',298,41),(670,34,'2016-03-06 17:33:46.032899',284,41),(671,47,'2016-03-06 17:34:00.326223',285,41),(672,50,'2016-03-06 17:34:07.571607',286,41),(673,37,'2016-03-06 17:34:19.429590',283,41),(674,16,'2016-03-06 17:34:27.380269',282,41),(675,200,'2016-03-06 17:35:05.718071',281,41),(677,65,'2016-03-06 17:38:39.427793',63,42),(678,41,'2016-03-06 17:38:52.728895',249,41),(679,27,'2016-03-06 17:39:11.775632',268,41),(680,56,'2016-03-06 17:39:36.343681',231,41),(681,30,'2016-03-06 17:39:56.150349',73,42),(682,47,'2016-03-06 17:40:11.315328',71,42),(683,50,'2016-03-06 17:40:13.165404',195,41),(684,38,'2016-03-06 17:40:23.514816',189,41),(685,44,'2016-03-06 17:40:39.593957',65,42),(686,40,'2016-03-06 17:41:00.299592',165,41),(687,103,'2016-03-06 17:41:08.810813',164,41),(688,23,'2016-03-06 17:41:32.075801',149,41),(689,80,'2016-03-06 17:41:52.970524',116,41),(690,5,'2016-03-06 18:26:50.686997',17,10),(691,5,'2016-03-06 18:27:07.910298',13,10),(692,4,'2016-03-06 18:27:16.161129',12,10),(693,49,'2016-03-07 01:09:00.650586',118,42),(694,38,'2016-03-07 01:36:40.213711',24,45),(695,31,'2016-03-07 01:37:10.603993',60,45),(696,22,'2016-03-08 14:36:32.782775',64,45),(697,40,'2016-03-07 01:37:39.612471',61,45),(698,28,'2016-03-07 01:38:30.700334',48,45),(699,15,'2016-03-07 01:42:15.245495',100,46),(700,20,'2016-03-07 01:43:13.116459',89,46),(701,10,'2016-03-07 01:43:52.294540',86,46),(702,28,'2016-03-07 01:48:16.567606',172,48),(703,37,'2016-03-07 01:48:47.951313',171,48),(704,37,'2016-03-07 01:48:57.655778',170,48),(705,40,'2016-03-07 01:49:40.424882',169,48),(706,28,'2016-03-07 02:17:12.925173',1,44),(707,19,'2016-03-07 02:21:28.614263',2,44),(708,13,'2016-03-07 02:21:41.159244',3,44),(709,15,'2016-03-07 02:21:50.600262',4,44),(710,14,'2016-03-07 02:21:59.499465',5,44),(711,12,'2016-03-07 02:22:07.753150',6,44),(712,8,'2016-03-07 02:22:20.998960',8,44),(713,22,'2016-03-07 02:22:28.056576',7,44),(714,5,'2016-03-07 02:27:23.292179',9,44),(715,8,'2016-03-07 02:27:38.478417',17,44),(716,6,'2016-03-07 02:27:46.195799',13,44),(717,11,'2016-03-07 02:27:57.069467',16,44),(718,8,'2016-03-07 02:28:14.819410',15,44),(719,2,'2016-03-07 02:28:22.518593',14,44),(720,4,'2016-03-07 02:28:33.135972',12,44),(721,9,'2016-03-07 02:28:51.222125',11,44),(722,11,'2016-03-07 02:28:59.141983',10,44),(723,11,'2016-03-07 02:29:06.684234',18,44),(724,1,'2016-03-07 02:30:51.121878',285,50),(725,4,'2016-03-07 02:31:22.033610',283,50),(726,5,'2016-03-07 02:38:09.993431',128,50),(727,7,'2016-03-07 02:42:12.058052',19,44),(728,4,'2016-03-07 02:42:23.754279',24,44),(729,5,'2016-03-07 02:42:34.043404',23,44),(730,3,'2016-03-07 02:42:43.610690',22,44),(731,11,'2016-03-07 02:42:53.312739',21,44),(732,6,'2016-03-07 02:43:03.635153',20,44),(733,18,'2016-03-07 02:43:03.997545',12,50),(734,4,'2016-03-07 02:43:13.179282',25,44),(735,4,'2016-03-07 02:43:21.192006',26,44),(736,6,'2016-03-07 02:43:30.267903',27,44),(737,7,'2016-03-07 02:43:47.212502',28,44),(738,2,'2016-03-07 02:45:08.848487',174,50),(739,3,'2016-03-07 02:45:38.637906',281,50),(740,65,'2016-03-07 02:48:52.742121',11,52),(741,54,'2016-03-07 02:49:40.973883',21,52),(742,30,'2016-03-07 02:50:32.244385',51,52),(743,40,'2016-03-07 02:51:46.071085',57,52),(744,38,'2016-03-07 02:52:19.199920',38,52),(745,21,'2016-03-07 02:52:59.590208',60,52),(746,24,'2016-03-07 02:53:58.868871',50,52),(747,19,'2016-03-07 02:55:17.555483',56,52),(748,95,'2016-03-07 02:56:49.262579',10,52),(749,41,'2016-03-07 02:57:12.202927',22,52),(750,34,'2016-03-07 02:57:33.975213',81,52),(751,29,'2016-03-07 02:58:09.144291',82,52),(752,101,'2016-03-07 02:58:29.754517',13,52),(753,54,'2016-03-07 02:58:52.463727',30,52),(754,40,'2016-03-07 02:59:14.532257',29,52),(755,45,'2016-03-07 02:59:33.364344',42,52),(756,60,'2016-03-07 02:59:58.499181',17,52),(757,28,'2016-03-07 03:00:19.979748',83,52),(758,77,'2016-03-07 03:00:44.377983',15,52),(759,68,'2016-03-07 03:00:54.024068',14,52),(760,36,'2016-03-07 03:01:16.694616',43,52),(761,85,'2016-03-07 03:02:05.334029',8,52),(762,5,'2016-03-07 03:19:51.063726',389,57),(764,0,'2016-03-07 06:47:54.246645',498,10),(765,0,'2016-03-07 06:48:01.814523',497,10),(766,0,'2016-03-07 06:48:08.012397',496,10),(767,0,'2016-03-07 06:48:17.146879',495,10),(768,0,'2016-03-07 06:48:24.036003',494,10),(769,0,'2016-03-07 06:48:29.905957',493,10),(770,42,'2016-03-07 07:35:26.130644',106,42),(771,0,'2016-03-07 06:48:36.266383',492,10),(772,0,'2016-03-07 06:48:40.864062',173,10),(773,30,'2016-03-07 07:04:55.837550',119,42),(774,0,'2016-03-07 06:48:45.492281',279,10),(775,0,'2016-03-07 06:48:52.494628',280,10),(776,44,'2016-03-07 07:47:37.936873',121,42),(777,33,'2016-03-07 07:45:25.543682',124,42),(778,0,'2016-03-07 06:49:04.321120',329,10),(779,0,'2016-03-07 06:49:11.695039',368,10),(780,0,'2016-03-07 06:49:19.976274',369,10),(781,37,'2016-03-07 07:36:38.988549',109,42),(782,44,'2016-03-07 07:25:45.752483',90,42),(783,4,'2016-03-07 06:50:02.665111',14,10),(784,200,'2016-03-07 06:50:09.489056',89,42),(785,5,'2016-03-07 06:50:19.321562',29,10),(786,200,'2016-03-07 06:50:19.866968',86,42),(787,2,'2016-03-07 06:50:28.810730',30,10),(788,36,'2016-03-07 07:26:09.178630',98,42),(789,1,'2016-03-07 06:50:38.164655',42,10),(790,3,'2016-03-07 06:50:45.702788',43,10),(791,4,'2016-03-07 06:50:53.131478',83,10),(792,5,'2016-03-07 06:51:08.953640',25,10),(793,4,'2016-03-07 06:51:17.656447',26,10),(794,4,'2016-03-07 06:51:23.364456',27,10),(795,200,'2016-03-07 06:51:25.982190',60,42),(796,3,'2016-03-07 06:52:03.316574',28,10),(797,3,'2016-03-07 06:52:12.396518',32,10),(798,5,'2016-03-07 06:52:22.209405',33,10),(799,5,'2016-03-07 06:52:36.613863',34,10),(800,5,'2016-03-07 06:52:51.545037',35,10),(801,4,'2016-03-07 06:53:06.395611',36,10),(802,5,'2016-03-07 06:53:16.509286',37,10),(803,3,'2016-03-07 06:53:32.156455',38,10),(804,5,'2016-03-07 06:53:38.881411',39,10),(805,4,'2016-03-07 06:53:49.971900',40,10),(806,37,'2016-03-07 06:53:58.955229',91,42),(807,5,'2016-03-07 06:54:02.514555',44,10),(808,5,'2016-03-07 06:54:10.075306',45,10),(809,31,'2016-03-07 06:54:11.472062',93,42),(810,1,'2016-03-07 06:54:17.349877',46,10),(811,0,'2016-03-07 06:54:31.456644',332,10),(812,1,'2016-03-07 06:54:41.758232',283,10),(813,0,'2016-03-07 06:54:51.198834',282,10),(814,0,'2016-03-07 06:55:03.494996',66,10),(815,4,'2016-03-07 06:55:25.221810',65,10),(816,2,'2016-03-07 06:55:46.896753',47,10),(817,4,'2016-03-07 06:56:02.337370',48,10),(818,3,'2016-03-07 06:56:14.634296',49,10),(819,2,'2016-03-07 06:56:23.058313',50,10),(820,3,'2016-03-07 06:56:30.937908',51,10),(821,5,'2016-03-07 06:56:44.541239',52,10),(822,5,'2016-03-07 06:57:09.063386',53,10),(823,3,'2016-03-07 06:57:16.856767',55,10),(824,0,'2016-03-07 06:57:26.448253',58,10),(825,1,'2016-03-07 06:57:34.675473',57,10),(826,3,'2016-03-07 06:57:49.625562',56,10),(827,0,'2016-03-07 06:58:05.287517',73,10),(828,0,'2016-03-07 06:58:16.057799',86,10),(829,0,'2016-03-07 06:58:32.029318',281,10),(830,39,'2016-03-07 06:59:51.473068',135,42),(831,41,'2016-03-07 07:04:42.452021',107,42),(832,41,'2016-03-07 07:05:50.684868',115,42),(833,37,'2016-03-07 07:06:38.718310',120,42),(834,39,'2016-03-07 07:06:47.030125',113,42),(835,38,'2016-03-07 07:24:18.469756',143,42),(836,33,'2016-03-07 07:24:28.839147',145,42),(837,27,'2016-03-07 07:26:56.987455',132,42),(838,39,'2016-03-07 07:43:04.985650',141,42),(839,44,'2016-03-07 07:48:02.076908',136,42),(840,27,'2016-03-07 09:25:36.356809',9,9),(841,26,'2016-03-07 09:25:50.581425',17,9),(842,47,'2016-03-07 09:26:02.015975',16,9),(843,52,'2016-03-07 09:26:12.015755',15,9),(844,20,'2016-03-07 09:26:21.902002',14,9),(845,21,'2016-03-07 09:26:33.819924',13,9),(846,30,'2016-03-07 09:26:54.768175',12,9),(847,23,'2016-03-07 09:27:05.569687',11,9),(848,50,'2016-03-07 09:27:15.353985',10,9),(849,30,'2016-03-07 10:37:35.731186',254,66),(850,41,'2016-03-08 07:53:22.730207',251,66),(851,35,'2016-03-07 10:38:30.260055',258,66),(852,31,'2016-03-07 10:38:56.287511',156,48),(853,29,'2016-03-07 10:38:56.888974',278,66),(854,28,'2016-03-07 10:39:08.525090',154,48),(855,25,'2016-03-07 10:39:19.449036',277,66),(856,31,'2016-03-07 10:39:29.891992',155,48),(857,32,'2016-03-07 10:39:45.594353',259,66),(858,47,'2016-03-07 10:39:45.999853',153,48),(859,28,'2016-03-07 10:40:06.572865',152,48),(860,44,'2016-03-07 10:40:14.207731',151,48),(861,28,'2016-03-07 10:40:16.609423',252,66),(862,39,'2016-03-07 10:40:31.988678',250,66),(863,37,'2016-03-07 10:40:34.422031',150,48),(864,40,'2016-03-07 10:40:42.838474',157,48),(865,36,'2016-03-07 10:40:49.651239',269,66),(866,16,'2016-03-07 10:41:08.570136',271,66),(867,28,'2016-03-07 10:41:11.750062',173,48),(868,22,'2016-03-07 10:41:25.107439',256,66),(869,46,'2016-03-07 10:41:39.410732',149,48),(870,11,'2016-03-07 10:41:48.687859',148,48),(871,19,'2016-03-07 10:56:29.720825',261,66),(872,46,'2016-03-07 11:45:17.435579',72,42),(873,53,'2016-03-07 12:34:49.727951',51,29),(874,30,'2016-03-07 12:35:01.106392',47,29),(875,41,'2016-03-07 12:35:37.292381',66,29),(876,23,'2016-03-07 13:02:58.187788',41,29),(882,30,'2016-03-08 01:06:35.326123',280,43),(883,40,'2016-03-08 01:07:09.175734',217,43),(884,25,'2016-03-08 01:08:06.826950',212,43),(885,200,'2016-03-08 01:44:19.470660',189,43),(886,37,'2016-03-08 04:27:35.836629',468,5),(887,38,'2016-03-08 04:27:46.755359',469,5),(888,37,'2016-03-08 04:27:58.380763',467,5),(889,60,'2016-03-08 05:10:17.848904',473,5),(890,30,'2016-03-08 05:10:31.981852',475,5),(891,30,'2016-03-08 05:10:56.284122',476,5),(892,35,'2016-03-08 05:11:15.440311',474,5),(893,39,'2016-03-08 05:11:28.448347',486,5),(894,25,'2016-03-08 06:04:18.342729',388,27),(895,24,'2016-03-08 06:04:31.680189',468,27),(896,29,'2016-03-08 06:04:44.696568',391,27),(897,15,'2016-03-08 06:05:30.542333',476,27),(898,27,'2016-03-08 06:05:56.325740',291,27),(899,5,'2016-03-08 06:59:22.193020',476,66),(900,15,'2016-03-08 07:02:27.242768',393,66),(901,29,'2016-03-08 07:05:16.907634',321,66),(902,34,'2016-03-08 07:12:42.259320',391,5),(903,29,'2016-03-08 07:14:01.391797',266,66),(904,62,'2016-03-08 07:15:24.119670',471,5),(905,28,'2016-03-08 07:16:40.944393',255,66),(906,5,'2016-03-08 07:17:46.393505',341,50),(907,35,'2016-03-08 07:18:26.936196',392,5),(908,24,'2016-03-08 07:19:44.619864',249,66),(909,4,'2016-03-08 07:20:30.288740',186,50),(910,45,'2016-03-08 07:21:24.531059',389,5),(911,33,'2016-03-08 07:25:15.505985',253,66),(912,35,'2016-03-08 07:27:56.869035',398,5),(913,42,'2016-03-08 07:28:18.262550',220,66),(914,34,'2016-03-08 07:30:12.468952',396,5),(915,45,'2016-03-08 07:31:08.307545',222,66),(916,8,'2016-03-08 07:32:47.046652',218,50),(917,71,'2016-03-08 07:32:52.376582',393,5),(918,26,'2016-03-08 08:54:22.550624',13,50),(919,43,'2016-03-08 07:38:39.317141',216,66),(920,34,'2016-03-08 07:41:57.039516',211,66),(921,44,'2016-03-08 07:44:36.293142',221,66),(922,7,'2016-03-08 07:47:18.508405',219,50),(923,33,'2016-03-08 07:48:18.123260',243,66),(924,4,'2016-03-08 07:50:45.469780',181,50),(925,4,'2016-03-08 08:13:13.514688',339,53),(926,30,'2016-03-08 08:09:09.114882',86,45),(927,36,'2016-03-08 08:09:39.092969',89,45),(928,4,'2016-03-08 08:22:05.051267',305,53),(929,8,'2016-03-08 08:22:44.946104',151,50),(930,6,'2016-03-08 08:28:24.994968',188,50),(931,6,'2016-03-08 09:52:29.747164',182,50),(932,5,'2016-03-08 08:29:18.568729',179,50),(933,5,'2016-03-08 09:55:39.868042',130,50),(934,19,'2016-03-08 08:33:30.747216',58,50),(935,48,'2016-03-08 08:43:47.659964',18,50),(936,21,'2016-03-08 08:51:20.882818',36,50),(937,6,'2016-03-08 08:55:59.624479',180,50),(938,19,'2016-03-08 09:45:32.589120',9,50),(939,13,'2016-03-08 09:48:45.151329',184,50),(940,48,'2016-03-08 09:58:50.996860',10,50),(941,0,'2016-03-08 10:14:34.613342',185,50),(942,47,'2016-03-08 14:05:35.923062',67,29),(943,36,'2016-03-08 14:05:58.038749',78,29),(944,43,'2016-03-08 14:06:11.051119',80,29),(945,56,'2016-03-08 14:06:59.275282',48,29),(946,54,'2016-03-08 14:34:46.362072',92,45),(947,44,'2016-03-08 14:35:05.416681',97,45),(948,19,'2016-03-08 14:35:25.239117',100,45),(949,57,'2016-03-08 14:36:56.936226',55,45),(957,36,'2016-03-08 15:59:16.011648',16,50),(958,9,'2016-03-08 16:08:40.783266',41,50),(959,35,'2016-03-08 16:54:24.187283',304,76),(960,34,'2016-03-08 16:54:58.009877',297,76),(961,20,'2016-03-08 16:57:02.015437',490,76),(962,20,'2016-03-08 16:57:28.937975',487,76),(963,24,'2016-03-08 16:59:09.109999',418,76),(964,11,'2016-03-08 17:00:02.157807',417,76),(965,22,'2016-03-08 17:00:41.359777',402,76),(966,29,'2016-03-08 17:01:08.657650',413,76),(967,20,'2016-03-08 17:01:41.730790',448,76),(968,25,'2016-03-08 17:02:24.205654',431,76),(969,27,'2016-03-08 17:02:52.812912',454,76),(970,14,'2016-03-08 17:05:34.454327',427,76),(971,27,'2016-03-08 17:03:33.160251',386,76),(972,33,'2016-03-08 17:03:50.144016',446,76),(973,28,'2016-03-08 17:04:22.903918',387,76),(974,36,'2016-03-08 17:04:51.185048',460,76),(975,29,'2016-03-08 17:05:18.065932',430,76),(976,27,'2016-03-08 17:06:18.776259',357,76),(977,31,'2016-03-08 17:06:46.096262',437,76),(978,30,'2016-03-08 17:07:10.364934',436,76),(979,33,'2016-03-08 17:10:26.042756',369,76),(980,32,'2016-03-08 17:11:10.890283',362,76),(981,29,'2016-03-08 17:11:33.189918',341,76),(982,43,'2016-03-08 17:11:56.376587',343,76),(983,44,'2016-03-08 17:12:43.026453',321,76),(984,34,'2016-03-08 17:13:26.612622',368,76),(985,22,'2016-03-08 17:13:48.924584',328,76),(986,32,'2016-03-08 17:14:19.415181',282,76),(987,31,'2016-03-08 17:14:36.635059',305,76),(988,30,'2016-03-08 17:14:56.712264',323,76),(989,23,'2016-03-08 17:15:42.856212',262,76),(990,28,'2016-03-08 17:16:26.739041',290,76),(991,30,'2016-03-08 17:16:56.591355',260,76),(992,23,'2016-03-08 17:33:57.507044',255,76);
/*!40000 ALTER TABLE `main_bad_count` ENABLE KEYS */;
UNLOCK TABLES;

--
-- Table structure for table `main_difficulty`
--

DROP TABLE IF EXISTS `main_difficulty`;
/*!40101 SET @saved_cs_client     = @@character_set_client */;
/*!40101 SET character_set_client = utf8 */;
CREATE TABLE `main_difficulty` (
  `id` int(11) NOT NULL AUTO_INCREMENT,
  `difficulty` varchar(10) NOT NULL,
  PRIMARY KEY (`id`)
) ENGINE=InnoDB AUTO_INCREMENT=5 DEFAULT CHARSET=utf8;
/*!40101 SET character_set_client = @saved_cs_client */;

--
-- Dumping data for table `main_difficulty`
--

LOCK TABLES `main_difficulty` WRITE;
/*!40000 ALTER TABLE `main_difficulty` DISABLE KEYS */;
INSERT INTO `main_difficulty` VALUES (1,'EXTRA'),(2,'HYPER'),(3,'NORMAL'),(4,'EASY');
/*!40000 ALTER TABLE `main_difficulty` ENABLE KEYS */;
UNLOCK TABLES;

--
-- Table structure for table `main_extra_option`
--

DROP TABLE IF EXISTS `main_extra_option`;
/*!40101 SET @saved_cs_client     = @@character_set_client */;
/*!40101 SET character_set_client = utf8 */;
CREATE TABLE `main_extra_option` (
  `id` int(11) NOT NULL AUTO_INCREMENT,
  `hard` tinyint(1) NOT NULL,
  `updated_at` datetime(6) NOT NULL,
  `music_id` int(11) NOT NULL,
  `user_id` int(11) NOT NULL,
  PRIMARY KEY (`id`),
  KEY `main_extra_option_73f62de4` (`music_id`),
  KEY `main_extra_option_e8701ad4` (`user_id`),
  CONSTRAINT `main_extra_option_music_id_009470eb_fk_main_music_id` FOREIGN KEY (`music_id`) REFERENCES `main_music` (`id`),
  CONSTRAINT `main_extra_option_user_id_165b26ac_fk_users_customuser_id` FOREIGN KEY (`user_id`) REFERENCES `users_customuser` (`id`)
) ENGINE=InnoDB AUTO_INCREMENT=74 DEFAULT CHARSET=utf8;
/*!40101 SET character_set_client = @saved_cs_client */;

--
-- Dumping data for table `main_extra_option`
--

LOCK TABLES `main_extra_option` WRITE;
/*!40000 ALTER TABLE `main_extra_option` DISABLE KEYS */;
INSERT INTO `main_extra_option` VALUES (1,0,'2016-03-06 15:40:57.487722',401,37),(3,1,'2016-03-07 02:26:51.671677',425,50),(4,1,'2016-03-07 02:27:23.292179',9,44),(5,1,'2016-03-07 02:27:46.195799',13,44),(6,1,'2016-03-07 02:28:14.819410',15,44),(7,1,'2016-03-07 02:28:33.135972',12,44),(8,1,'2016-03-07 02:29:58.965232',388,50),(9,1,'2016-03-07 02:30:26.003128',337,50),(10,1,'2016-03-07 02:30:36.136619',336,50),(11,1,'2016-03-07 02:30:51.121878',285,50),(12,1,'2016-03-07 02:31:22.033610',283,50),(13,1,'2016-03-07 02:32:03.170556',335,50),(14,1,'2016-03-07 02:32:54.267691',334,50),(15,1,'2016-03-07 02:33:57.252323',333,50),(16,1,'2016-03-07 02:34:14.122649',178,50),(17,1,'2016-03-07 02:34:48.585292',185,50),(18,1,'2016-03-07 02:34:57.997551',209,50),(19,1,'2016-03-07 02:35:06.494692',210,50),(20,1,'2016-03-07 02:35:15.343553',211,50),(21,1,'2016-03-07 02:37:39.584137',281,50),(22,1,'2016-03-07 02:37:45.162853',332,50),(23,1,'2016-03-07 02:37:50.905152',282,50),(24,1,'2016-03-07 02:37:55.780206',208,50),(25,1,'2016-03-07 02:38:09.993431',128,50),(26,1,'2016-03-07 02:42:12.058052',19,44),(27,1,'2016-03-07 02:42:23.754279',24,44),(28,1,'2016-03-07 02:42:34.043404',23,44),(29,1,'2016-03-07 02:42:43.610690',22,44),(30,1,'2016-03-07 02:42:53.312739',21,44),(31,1,'2016-03-07 02:43:03.635153',20,44),(32,1,'2016-03-07 02:43:13.179282',25,44),(33,1,'2016-03-07 02:43:21.192006',26,44),(34,1,'2016-03-07 02:43:30.267903',27,44),(35,1,'2016-03-07 02:43:47.212502',28,44),(36,1,'2016-03-07 02:44:47.193341',175,50),(37,1,'2016-03-07 02:44:57.801179',176,50),(38,1,'2016-03-07 02:45:08.848487',174,50),(39,1,'2016-03-07 02:45:23.155765',177,50),(40,1,'2016-03-07 02:48:09.982254',212,50),(41,1,'2016-03-07 02:48:16.533679',213,50),(42,1,'2016-03-07 02:48:23.908780',214,50),(43,1,'2016-03-07 02:48:31.097661',215,50),(44,1,'2016-03-07 02:48:39.715015',250,50),(45,1,'2016-03-07 02:48:46.387246',249,50),(46,1,'2016-03-07 02:48:54.496360',252,50),(47,1,'2016-03-07 02:49:01.141835',286,50),(48,1,'2016-03-07 02:49:06.351599',216,50),(49,1,'2016-03-07 02:49:11.921116',217,50),(50,1,'2016-03-07 02:49:21.333807',251,50),(51,1,'2016-03-07 02:49:31.429436',248,50),(52,1,'2016-03-07 02:49:37.973088',284,50),(53,1,'2016-03-07 02:49:45.189318',253,50),(54,1,'2016-03-07 02:49:53.869658',247,50),(55,1,'2016-03-07 02:50:21.126593',246,50),(56,1,'2016-03-07 02:51:21.259641',262,50),(57,1,'2016-03-07 02:51:46.993177',470,50),(58,1,'2016-03-07 02:52:11.546475',307,50),(59,1,'2016-03-07 02:52:28.882058',472,50),(60,1,'2016-03-07 10:49:47.653993',393,37),(61,1,'2016-03-07 11:28:57.192980',303,37),(62,1,'2016-03-07 12:06:04.707531',288,37),(63,1,'2016-03-07 12:08:37.716130',302,37),(64,1,'2016-03-08 07:17:46.393505',341,50),(65,1,'2016-03-08 07:20:30.288740',186,50),(66,1,'2016-03-08 07:32:47.046652',218,50),(67,1,'2016-03-08 07:47:18.508405',219,50),(68,1,'2016-03-08 07:50:45.469780',181,50),(69,1,'2016-03-08 08:22:44.946104',151,50),(70,1,'2016-03-08 08:28:24.994968',188,50),(71,1,'2016-03-08 09:48:45.151329',184,50),(72,1,'2016-03-08 09:52:29.747164',182,50),(73,1,'2016-03-08 09:55:39.868042',130,50);
/*!40000 ALTER TABLE `main_extra_option` ENABLE KEYS */;
UNLOCK TABLES;

--
-- Table structure for table `main_level`
--

DROP TABLE IF EXISTS `main_level`;
/*!40101 SET @saved_cs_client     = @@character_set_client */;
/*!40101 SET character_set_client = utf8 */;
CREATE TABLE `main_level` (
  `id` int(11) NOT NULL AUTO_INCREMENT,
  `level` int(11) NOT NULL,
  PRIMARY KEY (`id`)
) ENGINE=InnoDB AUTO_INCREMENT=51 DEFAULT CHARSET=utf8;
/*!40101 SET character_set_client = @saved_cs_client */;

--
-- Dumping data for table `main_level`
--

LOCK TABLES `main_level` WRITE;
/*!40000 ALTER TABLE `main_level` DISABLE KEYS */;
INSERT INTO `main_level` VALUES (1,50),(2,49),(3,48),(4,47),(5,46),(6,45),(7,44),(8,43),(9,42),(10,41),(11,40),(12,39),(13,38),(14,37),(15,36),(16,35),(17,34),(18,33),(19,32),(20,31),(21,30),(22,29),(23,28),(24,27),(25,26),(26,25),(27,24),(28,23),(29,22),(30,21),(31,20),(32,19),(33,18),(34,17),(35,16),(36,15),(37,14),(38,13),(39,12),(40,11),(41,10),(42,9),(43,8),(44,7),(45,6),(46,5),(47,4),(48,3),(49,2),(50,1);
/*!40000 ALTER TABLE `main_level` ENABLE KEYS */;
UNLOCK TABLES;

--
-- Table structure for table `main_medal`
--

DROP TABLE IF EXISTS `main_medal`;
/*!40101 SET @saved_cs_client     = @@character_set_client */;
/*!40101 SET character_set_client = utf8 */;
CREATE TABLE `main_medal` (
  `id` int(11) NOT NULL AUTO_INCREMENT,
  `medal` int(11) NOT NULL,
  `updated_at` datetime(6) NOT NULL,
  `music_id` int(11) NOT NULL,
  `user_id` int(11) NOT NULL,
  PRIMARY KEY (`id`),
  KEY `main_medal_73f62de4` (`music_id`),
  KEY `main_medal_e8701ad4` (`user_id`),
  CONSTRAINT `main_medal_music_id_65c97b8a_fk_main_music_id` FOREIGN KEY (`music_id`) REFERENCES `main_music` (`id`),
  CONSTRAINT `main_medal_user_id_b740c527_fk_users_customuser_id` FOREIGN KEY (`user_id`) REFERENCES `users_customuser` (`id`)
) ENGINE=InnoDB AUTO_INCREMENT=1231 DEFAULT CHARSET=utf8;
/*!40101 SET character_set_client = @saved_cs_client */;

--
-- Dumping data for table `main_medal`
--

LOCK TABLES `main_medal` WRITE;
/*!40000 ALTER TABLE `main_medal` DISABLE KEYS */;
INSERT INTO `main_medal` VALUES (1,7,'2016-03-06 10:50:13.059491',18,3),(2,7,'2016-03-06 10:50:26.179576',10,3),(3,7,'2016-03-06 10:50:37.482131',11,3),(4,6,'2016-03-06 10:50:47.001598',12,3),(5,6,'2016-03-06 10:51:17.235126',14,3),(6,7,'2016-03-06 10:51:30.654166',16,3),(7,7,'2016-03-06 10:51:39.010738',17,3),(8,7,'2016-03-06 10:51:49.093488',9,3),(9,6,'2016-03-06 10:52:16.736805',19,3),(10,6,'2016-03-06 10:56:52.167991',22,3),(11,6,'2016-03-06 10:57:05.540506',27,3),(12,6,'2016-03-06 10:57:14.044775',28,3),(13,7,'2016-03-06 12:34:56.244186',19,14),(14,7,'2016-03-06 12:35:25.016911',24,14),(15,7,'2016-03-06 12:36:05.208551',21,14),(16,7,'2016-03-06 12:36:13.970763',23,14),(17,7,'2016-03-06 12:36:30.294816',22,14),(18,7,'2016-03-06 12:38:09.277309',20,14),(19,7,'2016-03-06 12:38:17.006085',25,14),(20,7,'2016-03-06 12:38:52.435877',26,14),(21,7,'2016-03-06 12:38:59.799719',27,14),(22,6,'2016-03-06 12:39:05.840874',28,14),(23,7,'2016-03-06 12:39:36.751494',13,14),(24,7,'2016-03-06 12:39:53.307126',15,14),(28,7,'2016-03-06 14:02:00.104566',322,24),(29,7,'2016-03-06 14:02:25.729460',328,24),(30,7,'2016-03-06 14:03:52.243055',306,24),(31,7,'2016-03-06 14:04:16.786053',277,24),(32,8,'2016-03-06 14:04:47.697532',225,24),(33,7,'2016-03-06 14:05:03.886670',222,24),(34,7,'2016-03-06 14:05:27.747649',269,24),(35,7,'2016-03-06 14:06:00.410483',239,24),(36,7,'2016-03-06 14:13:55.738435',52,29),(37,7,'2016-03-06 14:15:35.080600',53,29),(38,7,'2016-03-06 14:16:23.975584',61,29),(39,7,'2016-03-07 12:34:24.646842',63,29),(40,7,'2016-03-06 14:17:29.250889',54,29),(41,7,'2016-03-06 14:17:55.633027',57,29),(42,7,'2016-03-06 14:20:38.271181',59,29),(43,7,'2016-03-06 14:21:14.519531',62,29),(44,7,'2016-03-06 14:22:43.966922',100,29),(45,7,'2016-03-06 14:23:53.407181',56,29),(46,7,'2016-03-06 14:25:20.132523',77,29),(47,7,'2016-03-06 14:25:59.979103',96,29),(48,7,'2016-03-06 14:26:26.531187',68,29),(49,7,'2016-03-06 14:26:58.028130',76,29),(50,7,'2016-03-06 14:27:13.743019',79,29),(51,7,'2016-03-06 14:27:46.480605',98,29),(52,7,'2016-03-06 14:27:52.486257',149,30),(53,7,'2016-03-06 14:35:04.617531',29,29),(54,9,'2016-03-06 14:36:17.885089',38,29),(55,7,'2016-03-06 14:40:22.135383',44,29),(56,7,'2016-03-06 14:40:41.268787',50,29),(57,7,'2016-03-06 14:40:55.714026',42,29),(58,6,'2016-03-06 14:42:23.598563',64,29),(59,7,'2016-03-06 14:43:25.942119',55,29),(60,6,'2016-03-06 14:44:29.474225',5,10),(61,10,'2016-03-06 14:44:54.894456',58,29),(62,7,'2016-03-06 14:45:24.840372',60,29),(63,5,'2016-03-06 14:45:41.402555',41,10),(64,4,'2016-03-06 14:45:55.797693',104,10),(65,7,'2016-03-06 14:46:06.031413',69,29),(66,6,'2016-03-06 14:46:07.576266',105,10),(67,7,'2016-03-06 14:46:21.028527',73,29),(68,7,'2016-03-06 14:46:38.146417',74,29),(69,7,'2016-03-06 14:46:59.859359',70,29),(70,7,'2016-03-06 14:50:27.141609',71,29),(71,7,'2016-03-06 14:50:54.269189',104,29),(72,7,'2016-03-06 14:51:42.514991',75,29),(73,7,'2016-03-06 14:53:28.469947',107,32),(74,7,'2016-03-06 14:54:56.735740',19,33),(75,7,'2016-03-06 14:55:06.454061',113,32),(76,7,'2016-03-06 14:55:20.856835',24,33),(77,7,'2016-03-06 14:55:35.451801',26,33),(78,8,'2016-03-06 14:55:41.722580',108,32),(79,7,'2016-03-06 14:56:03.335166',21,33),(80,10,'2016-03-06 14:56:24.195528',118,32),(81,7,'2016-03-06 14:56:41.072894',22,33),(82,7,'2016-03-06 14:57:05.625535',27,33),(83,7,'2016-03-06 14:57:52.440163',35,33),(84,7,'2016-03-06 14:58:18.801293',40,33),(85,7,'2016-03-06 14:58:50.785844',43,33),(86,6,'2016-03-06 14:58:58.707680',50,33),(87,7,'2016-03-06 14:59:15.243590',42,33),(88,7,'2016-03-06 14:59:33.485870',31,33),(89,7,'2016-03-06 14:59:52.226371',30,33),(90,7,'2016-03-06 15:00:12.483709',75,33),(91,7,'2016-03-06 15:00:26.767172',36,33),(92,7,'2016-03-06 15:00:47.857463',29,33),(93,7,'2016-03-06 15:01:01.603518',34,33),(94,7,'2016-03-06 15:01:02.292572',109,32),(95,6,'2016-03-06 15:01:17.654887',41,33),(96,7,'2016-03-06 15:01:18.331096',115,32),(97,7,'2016-03-06 15:01:33.248072',38,33),(98,7,'2016-03-06 15:01:33.518439',117,32),(99,7,'2016-03-06 15:01:45.200020',121,32),(100,6,'2016-03-06 15:01:50.429131',303,29),(101,7,'2016-03-06 15:01:58.105567',122,32),(102,7,'2016-03-06 15:02:09.153269',32,33),(103,7,'2016-03-06 15:02:12.407730',123,32),(104,7,'2016-03-06 15:02:22.513712',37,33),(105,7,'2016-03-06 15:02:29.778671',126,32),(106,7,'2016-03-06 15:02:34.274584',39,33),(107,7,'2016-03-06 15:02:58.628374',48,33),(108,7,'2016-03-06 15:03:04.900227',112,32),(109,7,'2016-03-06 15:03:09.632584',45,33),(110,7,'2016-03-06 15:03:21.420926',49,33),(111,7,'2016-03-06 15:03:22.841015',116,32),(112,7,'2016-03-06 15:03:59.293142',47,33),(113,7,'2016-03-06 15:04:18.456092',120,32),(114,7,'2016-03-06 15:04:27.193156',53,33),(115,7,'2016-03-06 15:04:40.206383',33,33),(116,10,'2016-03-06 15:04:48.646529',90,32),(117,7,'2016-03-06 15:05:09.167418',58,33),(118,10,'2016-03-06 15:05:10.117548',95,32),(119,7,'2016-03-06 15:05:27.141129',44,33),(120,7,'2016-03-06 15:05:43.728858',51,33),(121,7,'2016-03-06 15:06:10.240953',128,32),(122,7,'2016-03-06 15:06:21.175917',46,33),(123,7,'2016-03-06 15:06:24.715494',131,32),(124,7,'2016-03-06 15:06:41.264172',139,32),(125,7,'2016-03-06 15:06:49.533327',54,33),(126,7,'2016-03-06 15:07:09.745731',129,32),(127,7,'2016-03-06 15:07:20.226665',61,33),(128,7,'2016-03-06 15:07:31.947314',140,32),(129,7,'2016-03-06 15:07:34.908063',63,33),(130,7,'2016-03-06 15:08:01.879425',144,32),(131,7,'2016-03-06 15:08:06.680691',70,33),(132,7,'2016-03-06 15:08:11.061307',130,32),(133,7,'2016-03-06 15:08:20.986495',127,32),(134,7,'2016-03-06 15:08:28.055756',64,33),(135,7,'2016-03-06 15:08:44.017027',71,33),(136,7,'2016-03-06 15:08:57.935440',141,32),(137,7,'2016-03-06 15:09:10.454310',136,32),(138,7,'2016-03-06 15:09:10.805598',56,33),(139,7,'2016-03-06 15:09:22.889369',132,32),(140,7,'2016-03-06 15:09:33.531345',138,32),(141,7,'2016-03-06 15:10:49.665696',82,33),(142,7,'2016-03-06 15:11:15.433287',83,33),(143,7,'2016-03-06 15:11:51.496687',72,33),(144,7,'2016-03-06 15:18:32.814944',57,33),(145,6,'2016-03-06 15:19:44.129984',152,33),(146,10,'2016-03-08 07:21:11.752150',388,5),(147,7,'2016-03-06 15:21:22.451221',60,33),(148,7,'2016-03-06 15:22:10.151343',67,33),(149,7,'2016-03-06 15:22:27.577973',65,33),(150,7,'2016-03-06 15:22:44.733618',66,33),(151,7,'2016-03-06 15:23:53.141048',89,33),(152,6,'2016-03-06 15:34:33.086630',388,37),(153,6,'2016-03-06 15:34:43.784060',389,37),(154,6,'2016-03-06 15:34:52.317982',390,37),(155,6,'2016-03-06 15:35:04.903405',391,37),(156,6,'2016-03-06 15:35:15.262454',392,37),(157,6,'2016-03-06 15:40:57.487722',401,37),(158,5,'2016-03-06 15:41:11.513726',400,37),(159,6,'2016-03-06 15:41:26.551658',399,37),(160,5,'2016-03-06 15:41:42.790018',398,37),(161,6,'2016-03-06 15:41:54.675498',397,37),(162,6,'2016-03-06 15:42:07.661403',396,37),(163,5,'2016-03-06 15:42:16.408622',395,37),(164,6,'2016-03-06 15:43:10.882498',394,37),(165,6,'2016-03-07 10:49:47.653993',393,37),(166,6,'2016-03-06 15:43:27.767427',409,37),(167,6,'2016-03-06 15:43:35.168260',410,37),(168,7,'2016-03-06 15:43:44.827543',411,37),(169,6,'2016-03-06 15:43:53.903269',412,37),(170,6,'2016-03-06 15:44:00.517469',413,37),(171,5,'2016-03-06 15:44:06.948959',408,37),(172,6,'2016-03-06 15:44:13.296782',407,37),(173,6,'2016-03-06 15:44:23.698435',406,37),(174,6,'2016-03-06 15:44:32.031015',405,37),(175,6,'2016-03-06 15:44:39.495588',404,37),(176,6,'2016-03-06 15:44:56.588790',403,37),(177,6,'2016-03-06 15:45:03.606134',402,37),(178,6,'2016-03-06 15:45:15.703421',418,37),(179,6,'2016-03-06 15:45:21.963054',417,37),(180,6,'2016-03-06 15:45:31.338220',416,37),(181,6,'2016-03-06 15:45:38.987656',415,37),(182,6,'2016-03-06 15:45:47.732202',414,37),(183,6,'2016-03-06 15:45:55.279956',419,37),(184,5,'2016-03-06 15:46:03.311885',420,37),(185,6,'2016-03-06 15:46:10.768135',421,37),(186,6,'2016-03-06 15:46:17.177355',422,37),(187,6,'2016-03-07 12:40:58.994561',423,37),(188,5,'2016-03-06 15:46:29.023038',424,37),(189,6,'2016-03-06 15:48:49.887747',332,37),(190,7,'2016-03-06 15:48:58.274677',337,37),(191,7,'2016-03-06 15:49:07.384833',336,37),(192,6,'2016-03-06 15:49:13.468982',335,37),(193,6,'2016-03-06 15:49:23.314641',334,37),(194,6,'2016-03-06 15:49:30.956826',333,37),(195,6,'2016-03-06 15:49:38.296098',346,37),(196,6,'2016-03-06 15:49:44.340550',345,37),(197,6,'2016-03-06 15:49:51.249125',344,37),(198,7,'2016-03-06 15:49:57.752668',343,37),(199,6,'2016-03-06 15:50:04.674719',342,37),(200,6,'2016-03-06 15:50:12.062864',341,37),(201,6,'2016-03-06 15:50:21.292150',340,37),(202,6,'2016-03-06 15:50:31.010024',339,37),(203,6,'2016-03-06 15:50:39.389786',338,37),(204,6,'2016-03-06 15:50:47.196847',357,37),(205,6,'2016-03-06 15:50:53.279979',356,37),(206,6,'2016-03-06 15:50:59.767924',355,37),(207,6,'2016-03-06 15:51:06.806922',354,37),(208,6,'2016-03-06 15:51:22.851177',353,37),(209,7,'2016-03-06 15:51:30.461925',352,37),(210,7,'2016-03-06 15:51:39.963623',351,37),(211,6,'2016-03-06 15:51:50.081639',350,37),(212,6,'2016-03-06 15:51:57.471010',349,37),(213,6,'2016-03-06 15:52:07.176281',348,37),(214,6,'2016-03-06 15:52:15.109156',347,37),(215,6,'2016-03-06 15:52:31.088889',364,37),(216,6,'2016-03-06 15:52:41.963525',365,37),(217,6,'2016-03-06 15:52:51.211741',366,37),(218,6,'2016-03-06 15:52:57.744582',367,37),(219,6,'2016-03-06 15:53:04.430976',363,37),(220,6,'2016-03-06 15:53:11.000246',362,37),(221,6,'2016-03-06 15:53:20.143153',361,37),(222,6,'2016-03-06 15:53:26.622978',360,37),(223,6,'2016-03-06 15:53:36.926345',358,37),(224,7,'2016-03-06 15:53:43.609141',359,37),(225,6,'2016-03-06 15:58:29.008464',368,37),(226,6,'2016-03-06 15:58:36.514671',369,37),(227,6,'2016-03-06 15:58:46.715565',370,37),(228,5,'2016-03-06 16:06:25.207606',371,37),(229,6,'2016-03-06 16:06:39.173258',372,37),(230,6,'2016-03-06 16:06:50.981051',373,37),(231,6,'2016-03-06 16:07:08.935843',375,37),(232,6,'2016-03-06 16:07:19.903100',376,37),(233,5,'2016-03-06 16:07:26.942789',377,37),(234,5,'2016-03-06 16:07:33.973530',378,37),(235,6,'2016-03-06 16:07:40.685454',379,37),(236,6,'2016-03-06 16:07:48.508594',374,37),(237,6,'2016-03-06 16:08:02.072901',380,37),(238,6,'2016-03-06 16:08:58.165054',385,37),(239,6,'2016-03-06 16:09:04.936015',384,37),(240,5,'2016-03-06 16:09:15.182224',386,37),(241,6,'2016-03-06 16:09:22.422818',383,37),(242,6,'2016-03-06 16:09:29.132203',382,37),(243,5,'2016-03-06 16:09:36.924285',381,37),(244,5,'2016-03-06 16:09:43.202383',387,37),(245,6,'2016-03-06 16:11:58.323884',467,37),(246,6,'2016-03-06 16:12:06.621107',468,37),(247,6,'2016-03-06 16:12:12.534244',470,37),(248,6,'2016-03-06 16:12:18.906803',469,37),(249,7,'2016-03-07 12:28:15.605672',471,37),(250,6,'2016-03-06 16:12:37.933233',474,37),(251,6,'2016-03-06 16:12:44.959657',475,37),(252,6,'2016-03-06 16:14:04.261966',472,37),(253,6,'2016-03-06 16:14:11.700562',478,37),(254,5,'2016-03-07 12:33:20.501260',477,37),(255,6,'2016-03-06 16:14:33.653769',473,37),(256,6,'2016-03-06 16:14:47.830824',476,37),(257,6,'2016-03-06 16:14:56.794352',488,37),(258,6,'2016-03-06 16:15:06.472726',479,37),(259,6,'2016-03-06 16:15:17.097350',480,37),(260,6,'2016-03-06 16:15:27.296015',481,37),(261,6,'2016-03-06 16:15:35.242748',482,37),(262,5,'2016-03-06 16:15:42.776383',484,37),(263,6,'2016-03-06 16:15:51.475902',485,37),(264,6,'2016-03-06 16:16:01.703633',486,37),(265,5,'2016-03-06 16:16:36.710319',487,37),(266,5,'2016-03-06 16:16:45.647582',483,37),(267,6,'2016-03-06 16:16:54.897169',490,37),(268,6,'2016-03-06 16:17:02.544753',489,37),(269,6,'2016-03-06 16:17:10.937342',491,37),(270,6,'2016-03-06 16:17:17.308615',492,37),(271,5,'2016-03-06 16:17:23.898058',493,37),(272,6,'2016-03-06 16:17:30.503450',494,37),(273,6,'2016-03-06 16:17:39.156773',495,37),(274,6,'2016-03-06 16:18:22.358330',497,37),(275,6,'2016-03-06 16:18:31.600654',498,37),(276,6,'2016-03-06 16:18:44.099467',496,37),(277,5,'2016-03-06 16:18:59.054326',499,37),(278,5,'2016-03-07 12:38:03.376863',500,37),(279,6,'2016-03-06 16:19:24.591368',501,37),(280,5,'2016-03-06 16:19:32.539232',502,37),(281,6,'2016-03-07 12:17:34.901700',425,37),(282,7,'2016-03-06 16:20:11.449989',426,37),(283,6,'2016-03-06 16:20:49.502969',430,37),(284,5,'2016-03-06 16:20:57.420416',427,37),(285,6,'2016-03-06 16:21:08.103100',428,37),(286,6,'2016-03-06 16:21:24.862797',429,37),(287,6,'2016-03-06 16:21:37.076060',434,37),(288,5,'2016-03-06 16:21:45.121539',431,37),(289,7,'2016-03-06 16:21:51.554400',432,37),(290,7,'2016-03-06 16:21:57.715195',433,37),(291,6,'2016-03-06 16:22:09.134011',448,37),(292,7,'2016-03-06 16:22:16.116718',447,37),(293,6,'2016-03-06 16:22:23.902877',446,37),(294,6,'2016-03-06 16:22:31.970088',445,37),(295,6,'2016-03-06 16:22:42.538209',443,37),(296,7,'2016-03-06 16:22:53.586139',438,37),(297,6,'2016-03-06 16:23:03.811537',441,37),(298,5,'2016-03-06 16:23:12.002650',440,37),(299,6,'2016-03-06 16:23:20.902148',439,37),(300,6,'2016-03-06 16:23:31.395925',437,37),(301,6,'2016-03-06 16:23:38.254186',436,37),(302,6,'2016-03-06 16:23:46.445128',435,37),(303,5,'2016-03-06 16:23:54.187184',442,37),(304,6,'2016-03-06 16:24:01.878482',444,37),(305,6,'2016-03-06 16:24:09.806261',450,37),(306,6,'2016-03-06 16:24:20.025081',458,37),(307,7,'2016-03-06 16:24:29.274483',464,37),(308,6,'2016-03-06 16:24:38.494306',463,37),(309,6,'2016-03-06 16:24:51.637488',451,37),(310,5,'2016-03-06 16:25:03.885298',453,37),(311,7,'2016-03-06 16:25:11.766565',449,37),(312,6,'2016-03-06 16:25:19.099957',455,37),(313,6,'2016-03-06 16:25:29.200298',457,37),(314,6,'2016-03-06 16:27:46.151785',456,37),(315,6,'2016-03-06 16:27:56.919460',459,37),(316,6,'2016-03-06 16:28:05.670139',460,37),(317,6,'2016-03-06 16:28:17.149660',461,37),(318,6,'2016-03-06 16:28:24.540041',462,37),(319,5,'2016-03-06 16:28:32.705375',452,37),(320,6,'2016-03-06 16:28:42.709565',454,37),(321,6,'2016-03-06 16:28:53.064605',465,37),(322,6,'2016-03-06 16:29:00.755581',466,37),(323,7,'2016-03-06 16:30:02.557005',281,37),(324,6,'2016-03-06 16:30:12.909162',282,37),(325,6,'2016-03-06 16:30:19.225480',283,37),(326,7,'2016-03-06 16:30:26.501176',286,37),(327,7,'2016-03-06 16:30:35.170424',284,37),(328,6,'2016-03-06 16:30:41.349776',285,37),(329,7,'2016-03-06 16:30:56.989900',287,37),(330,6,'2016-03-07 12:06:04.707531',288,37),(331,7,'2016-03-06 16:31:15.505512',289,37),(332,7,'2016-03-06 16:31:22.568518',290,37),(333,6,'2016-03-06 16:31:34.343619',291,37),(334,6,'2016-03-06 16:31:39.857771',292,37),(335,7,'2016-03-06 16:31:50.281570',293,37),(336,6,'2016-03-06 16:31:57.279287',294,37),(337,6,'2016-03-06 16:32:06.657616',295,37),(338,6,'2016-03-06 16:32:17.425327',296,37),(339,6,'2016-03-06 16:32:26.822847',297,37),(340,6,'2016-03-06 16:32:34.734053',298,37),(341,6,'2016-03-06 16:32:41.780553',299,37),(342,6,'2016-03-06 16:32:48.045509',300,37),(343,6,'2016-03-06 16:32:55.414949',301,37),(344,6,'2016-03-07 12:08:37.716130',302,37),(345,5,'2016-03-07 11:28:57.192980',303,37),(346,7,'2016-03-06 16:33:20.504044',304,37),(347,6,'2016-03-06 16:33:31.320727',305,37),(348,6,'2016-03-06 16:33:37.315282',306,37),(349,6,'2016-03-07 11:07:47.574734',307,37),(350,6,'2016-03-06 16:34:18.042950',308,37),(351,6,'2016-03-06 16:34:25.331482',309,37),(352,7,'2016-03-06 16:34:31.739861',310,37),(353,6,'2016-03-06 16:34:50.148853',311,37),(354,5,'2016-03-06 16:34:57.786551',312,37),(355,6,'2016-03-06 16:35:04.808155',313,37),(356,6,'2016-03-06 16:35:11.366990',314,37),(357,6,'2016-03-06 16:35:19.107122',315,37),(358,6,'2016-03-06 16:35:25.518819',316,37),(359,6,'2016-03-06 16:35:32.950315',317,37),(360,6,'2016-03-06 16:35:41.529293',318,37),(361,6,'2016-03-06 16:35:51.287562',319,37),(362,6,'2016-03-06 16:35:58.811823',320,37),(363,6,'2016-03-06 16:36:06.146195',321,37),(364,6,'2016-03-06 16:36:19.825190',322,37),(365,6,'2016-03-06 16:36:27.432178',323,37),(366,6,'2016-03-06 16:36:34.869840',324,37),(367,6,'2016-03-06 16:36:46.562077',325,37),(368,7,'2016-03-06 16:36:54.971286',326,37),(369,6,'2016-03-06 16:37:05.657472',327,37),(370,6,'2016-03-06 16:37:12.304765',328,37),(371,6,'2016-03-06 16:37:19.977706',329,37),(372,6,'2016-03-06 16:37:25.850834',330,37),(373,6,'2016-03-06 16:37:34.332203',331,37),(374,6,'2016-03-06 16:39:35.783099',246,37),(375,6,'2016-03-06 16:40:28.879766',247,37),(376,6,'2016-03-06 16:40:45.620662',248,37),(377,6,'2016-03-06 16:41:06.948402',249,37),(378,7,'2016-03-06 16:41:13.448522',250,37),(379,6,'2016-03-06 16:41:19.704967',251,37),(380,7,'2016-03-06 16:41:26.142508',252,37),(381,7,'2016-03-06 16:41:37.233466',253,37),(382,7,'2016-03-06 16:41:43.877963',254,37),(383,6,'2016-03-06 16:42:02.255680',255,37),(384,7,'2016-03-06 16:42:08.120580',256,37),(385,7,'2016-03-06 16:42:14.121112',257,37),(386,6,'2016-03-06 16:42:20.565634',258,37),(387,7,'2016-03-06 16:44:13.421313',259,37),(388,6,'2016-03-06 16:42:45.935409',260,37),(389,6,'2016-03-06 16:42:52.305697',261,37),(390,6,'2016-03-06 16:42:57.739885',262,37),(391,6,'2016-03-06 16:43:03.868747',263,37),(392,6,'2016-03-06 16:43:09.794634',264,37),(393,7,'2016-03-06 16:43:56.710290',265,37),(394,6,'2016-03-06 16:43:22.451833',266,37),(395,7,'2016-03-06 16:43:37.313021',267,37),(396,6,'2016-03-06 16:43:45.419604',268,37),(397,6,'2016-03-06 16:44:27.184487',269,37),(398,6,'2016-03-06 16:44:37.425821',270,37),(399,6,'2016-03-06 16:44:43.797812',271,37),(400,6,'2016-03-06 16:44:51.006396',272,37),(401,7,'2016-03-06 16:44:57.336218',273,37),(402,6,'2016-03-06 16:45:04.412558',274,37),(403,6,'2016-03-06 16:45:11.128389',275,37),(404,6,'2016-03-06 17:13:29.226318',276,37),(405,6,'2016-03-06 16:45:26.328679',277,37),(406,6,'2016-03-06 16:45:34.667471',278,37),(407,6,'2016-03-06 16:45:40.888422',279,37),(408,6,'2016-03-06 16:45:47.247495',280,37),(409,7,'2016-03-06 16:46:04.553819',208,37),(410,7,'2016-03-06 16:46:12.805462',209,37),(411,6,'2016-03-07 12:20:57.008167',210,37),(412,7,'2016-03-06 16:46:27.145052',211,37),(413,7,'2016-03-06 16:46:33.922490',212,37),(414,7,'2016-03-06 16:46:41.061749',213,37),(415,7,'2016-03-06 16:46:47.200201',214,37),(416,7,'2016-03-06 16:46:53.903197',215,37),(417,7,'2016-03-06 16:47:01.250828',216,37),(418,7,'2016-03-06 16:47:10.701346',217,37),(419,6,'2016-03-06 16:47:16.510678',218,37),(420,7,'2016-03-06 16:47:22.156975',219,37),(421,7,'2016-03-06 16:47:28.873936',220,37),(422,6,'2016-03-06 16:47:36.055044',221,37),(423,6,'2016-03-06 16:47:42.198971',222,37),(424,6,'2016-03-07 10:53:32.305196',223,37),(425,7,'2016-03-06 16:47:59.712429',224,37),(426,7,'2016-03-06 16:48:07.092396',225,37),(427,7,'2016-03-06 16:48:13.642310',226,37),(428,7,'2016-03-06 16:48:19.363444',227,37),(429,6,'2016-03-06 16:48:25.412048',228,37),(430,6,'2016-03-06 16:48:31.692025',229,37),(431,6,'2016-03-06 16:48:39.450786',230,37),(432,7,'2016-03-06 16:48:47.627069',231,37),(433,6,'2016-03-06 16:48:57.240606',232,37),(434,6,'2016-03-06 16:49:04.008870',233,37),(435,6,'2016-03-06 16:49:11.399909',234,37),(436,7,'2016-03-06 16:49:19.752765',235,37),(437,6,'2016-03-06 16:49:28.364202',236,37),(438,6,'2016-03-06 16:49:37.261237',237,37),(439,6,'2016-03-06 16:49:43.967815',238,37),(440,6,'2016-03-06 16:49:51.786675',239,37),(441,6,'2016-03-06 16:49:58.322385',240,37),(442,6,'2016-03-06 16:50:06.981177',241,37),(443,6,'2016-03-06 16:50:14.831700',242,37),(444,7,'2016-03-06 16:50:22.834764',243,37),(445,7,'2016-03-06 16:50:30.523137',244,37),(446,6,'2016-03-06 16:50:38.334747',245,37),(447,6,'2016-03-06 16:50:57.456251',174,37),(448,6,'2016-03-06 16:51:03.409308',175,37),(449,7,'2016-03-06 16:51:10.857698',176,37),(450,7,'2016-03-06 16:51:16.577558',177,37),(451,6,'2016-03-06 16:51:53.175221',178,37),(452,7,'2016-03-06 16:52:09.024661',179,37),(453,6,'2016-03-06 16:52:19.158522',180,37),(454,6,'2016-03-06 16:52:44.000703',181,37),(455,7,'2016-03-06 16:52:52.078499',182,37),(456,7,'2016-03-06 16:53:00.183806',183,37),(457,7,'2016-03-06 16:53:07.410622',184,37),(458,6,'2016-03-06 16:53:15.691108',185,37),(459,6,'2016-03-06 16:53:21.861837',186,37),(460,7,'2016-03-06 16:53:28.471766',187,37),(461,7,'2016-03-06 16:53:34.554037',188,37),(462,7,'2016-03-06 16:53:44.465899',189,37),(463,7,'2016-03-06 16:53:53.500404',190,37),(464,7,'2016-03-06 16:54:01.311664',191,37),(465,7,'2016-03-06 16:54:08.315890',192,37),(466,6,'2016-03-06 16:54:15.391372',193,37),(467,7,'2016-03-06 16:54:21.585213',194,37),(468,7,'2016-03-06 16:54:29.328464',195,37),(469,7,'2016-03-06 16:54:35.608078',196,37),(470,6,'2016-03-06 16:54:41.890552',197,37),(471,7,'2016-03-06 16:54:48.410770',198,37),(472,6,'2016-03-06 16:54:55.072874',199,37),(473,7,'2016-03-06 16:55:02.898099',200,37),(474,7,'2016-03-06 16:55:13.424842',201,37),(475,7,'2016-03-06 16:55:21.822639',202,37),(476,7,'2016-03-06 16:55:28.949865',203,37),(477,7,'2016-03-06 16:55:36.557916',204,37),(478,7,'2016-03-06 16:55:43.141674',205,37),(479,7,'2016-03-06 16:55:50.312752',206,37),(480,6,'2016-03-06 16:55:57.700991',207,37),(481,6,'2016-03-06 16:56:14.967958',150,37),(482,6,'2016-03-06 16:56:20.747047',151,37),(483,6,'2016-03-06 16:56:27.183713',152,37),(484,6,'2016-03-06 16:56:38.991685',153,37),(485,7,'2016-03-06 16:56:45.843459',154,37),(486,6,'2016-03-06 16:56:56.631130',155,37),(487,7,'2016-03-06 16:57:02.816626',156,37),(489,7,'2016-03-06 16:57:08.505787',157,37),(490,7,'2016-03-06 16:57:16.133839',158,37),(491,7,'2016-03-06 16:57:22.322890',159,37),(492,7,'2016-03-06 16:57:30.278425',160,37),(493,6,'2016-03-06 16:57:38.051393',161,37),(494,7,'2016-03-06 16:57:46.670288',162,37),(495,6,'2016-03-06 16:57:53.797516',163,37),(496,7,'2016-03-06 16:57:59.171403',164,37),(497,7,'2016-03-06 16:58:05.802127',165,37),(498,6,'2016-03-06 16:58:11.993210',166,37),(499,6,'2016-03-06 16:58:18.070551',167,37),(500,6,'2016-03-06 16:58:25.319982',168,37),(501,6,'2016-03-06 16:58:31.200234',169,37),(502,7,'2016-03-06 16:58:37.396876',170,37),(503,7,'2016-03-06 16:59:07.324596',171,37),(504,6,'2016-03-06 16:59:13.835366',172,37),(505,6,'2016-03-06 16:59:20.981363',173,37),(506,7,'2016-03-06 17:03:00.656595',127,37),(507,6,'2016-03-06 17:03:22.548206',128,37),(508,7,'2016-03-06 17:03:17.193816',129,37),(509,7,'2016-03-06 17:03:28.905781',130,37),(510,7,'2016-03-06 17:03:35.612759',131,37),(511,7,'2016-03-06 17:03:44.970296',132,37),(512,7,'2016-03-06 17:03:52.522998',133,37),(513,7,'2016-03-06 17:03:58.520262',134,37),(514,7,'2016-03-06 17:04:05.424056',135,37),(515,7,'2016-03-06 17:04:11.860289',136,37),(516,7,'2016-03-06 17:04:18.702069',137,37),(517,7,'2016-03-06 17:04:29.622656',138,37),(518,7,'2016-03-06 17:04:39.275493',139,37),(519,7,'2016-03-06 17:04:45.233898',140,37),(520,7,'2016-03-06 17:04:52.956769',141,37),(521,7,'2016-03-06 17:04:59.595125',142,37),(522,7,'2016-03-06 17:05:08.240344',144,37),(523,7,'2016-03-06 17:05:14.465355',143,37),(524,6,'2016-03-06 17:05:24.989996',145,37),(525,6,'2016-03-06 17:05:32.371254',146,37),(526,6,'2016-03-06 17:05:39.404483',147,37),(527,6,'2016-03-06 17:05:46.603788',148,37),(528,7,'2016-03-06 17:05:52.602061',149,37),(529,7,'2016-03-06 17:06:06.474752',106,37),(530,7,'2016-03-06 17:06:12.291066',107,37),(531,7,'2016-03-06 17:06:20.724879',108,37),(532,7,'2016-03-06 17:06:31.692818',109,37),(533,7,'2016-03-07 12:23:38.891031',110,37),(534,7,'2016-03-06 17:06:51.368920',111,37),(535,7,'2016-03-06 17:06:59.193095',112,37),(536,7,'2016-03-06 17:07:15.718761',113,37),(537,7,'2016-03-06 17:07:25.111074',114,37),(538,7,'2016-03-06 17:07:36.008806',117,37),(539,7,'2016-03-06 17:07:51.537681',115,37),(540,7,'2016-03-06 17:08:01.420008',116,37),(541,7,'2016-03-06 17:08:09.621888',118,37),(542,7,'2016-03-06 17:08:21.012870',119,37),(543,7,'2016-03-06 17:08:29.096180',120,37),(544,7,'2016-03-06 17:08:37.184285',121,37),(545,6,'2016-03-06 17:08:58.084800',122,37),(546,6,'2016-03-06 17:08:51.424316',123,37),(547,6,'2016-03-06 17:09:05.004330',124,37),(548,6,'2016-03-06 17:09:14.090444',125,37),(549,7,'2016-03-06 17:09:21.166244',126,37),(550,7,'2016-03-06 17:09:34.020368',81,37),(551,7,'2016-03-06 17:09:39.818299',82,37),(552,7,'2016-03-06 17:09:51.130713',83,37),(553,7,'2016-03-06 17:10:11.267411',84,37),(554,7,'2016-03-06 17:10:17.986520',85,37),(555,7,'2016-03-06 17:10:24.913093',86,37),(556,7,'2016-03-06 17:10:31.864006',87,37),(557,7,'2016-03-06 17:10:38.176394',88,37),(558,7,'2016-03-06 17:10:45.375121',89,37),(559,7,'2016-03-06 17:10:51.866314',90,37),(560,7,'2016-03-06 17:10:58.984261',91,37),(561,7,'2016-03-06 17:11:15.905874',92,37),(562,7,'2016-03-06 17:11:24.394041',93,37),(563,7,'2016-03-06 17:11:30.792520',94,37),(564,7,'2016-03-06 17:11:37.367381',95,37),(565,7,'2016-03-06 17:11:44.236093',96,37),(566,7,'2016-03-06 17:11:52.665437',97,37),(567,7,'2016-03-06 17:12:01.913103',98,37),(568,7,'2016-03-06 17:12:15.912499',99,37),(569,6,'2016-03-06 17:12:25.374588',100,37),(570,7,'2016-03-06 17:12:31.988714',101,37),(571,7,'2016-03-06 17:12:38.907813',102,37),(572,7,'2016-03-07 12:02:15.693136',103,37),(573,6,'2016-03-06 17:13:00.452120',104,37),(574,7,'2016-03-06 17:13:07.833735',105,37),(575,7,'2016-03-06 17:13:53.585973',65,37),(576,7,'2016-03-06 17:14:06.435784',66,37),(577,7,'2016-03-06 17:14:15.468170',67,37),(578,7,'2016-03-06 17:14:22.149538',68,37),(579,7,'2016-03-06 17:14:29.286614',69,37),(580,7,'2016-03-06 17:14:37.124913',70,37),(581,7,'2016-03-06 17:14:42.622097',71,37),(582,7,'2016-03-06 17:14:48.982355',72,37),(583,7,'2016-03-06 17:14:57.003031',73,37),(584,7,'2016-03-06 17:15:05.740566',74,37),(585,7,'2016-03-06 17:15:13.451681',75,37),(586,7,'2016-03-06 17:15:20.584071',76,37),(587,7,'2016-03-06 17:15:27.957324',77,37),(588,7,'2016-03-06 17:15:36.330667',78,37),(589,7,'2016-03-06 17:15:43.238704',79,37),(590,7,'2016-03-06 17:15:52.207140',80,37),(591,7,'2016-03-07 12:44:06.129550',52,37),(592,7,'2016-03-06 17:16:30.394596',53,37),(593,7,'2016-03-06 17:16:42.625269',54,37),(594,7,'2016-03-06 17:16:51.152781',55,37),(595,7,'2016-03-06 17:17:01.471831',56,37),(596,7,'2016-03-06 17:17:13.575335',57,37),(597,6,'2016-03-06 17:17:23.568129',58,37),(598,7,'2016-03-06 17:17:31.183719',59,37),(599,7,'2016-03-06 17:17:41.450252',60,37),(600,7,'2016-03-06 17:17:47.684953',61,37),(601,7,'2016-03-06 17:17:58.927760',62,37),(602,7,'2016-03-06 17:18:09.783144',63,37),(603,7,'2016-03-06 17:18:20.696128',64,37),(604,7,'2016-03-06 17:18:44.837121',42,37),(605,7,'2016-03-06 17:18:57.715284',43,37),(606,7,'2016-03-06 17:19:08.232188',44,37),(607,7,'2016-03-06 17:19:17.274243',45,37),(608,7,'2016-03-06 17:19:26.017906',46,37),(609,7,'2016-03-06 17:19:32.661160',47,37),(610,8,'2016-03-07 12:47:03.996444',48,37),(611,7,'2016-03-06 17:19:49.066175',49,37),(612,7,'2016-03-06 17:19:58.212779',50,37),(613,7,'2016-03-06 17:20:04.761255',51,37),(614,7,'2016-03-06 17:20:21.313747',29,37),(615,10,'2016-03-06 17:20:28.799548',30,37),(616,10,'2016-03-06 17:20:38.417679',31,37),(617,10,'2016-03-06 17:20:47.706607',32,37),(618,7,'2016-03-06 17:21:04.539506',33,37),(619,7,'2016-03-06 17:21:13.286870',34,37),(620,7,'2016-03-06 17:21:22.493878',35,37),(621,10,'2016-03-06 17:21:32.098224',36,37),(622,7,'2016-03-06 17:21:43.323884',37,37),(623,7,'2016-03-06 17:21:50.237882',38,37),(624,7,'2016-03-06 17:21:56.454643',39,37),(625,7,'2016-03-06 17:22:04.504918',40,37),(626,10,'2016-03-06 17:22:12.174971',41,37),(627,6,'2016-03-06 17:22:19.649514',331,41),(628,10,'2016-03-06 17:22:29.834177',19,37),(629,6,'2016-03-06 17:22:35.505997',330,41),(630,7,'2016-03-06 17:22:55.533417',329,41),(631,8,'2016-03-06 17:23:14.476245',325,41),(632,7,'2016-03-06 17:23:29.483745',326,41),(633,8,'2016-03-06 17:23:44.474667',327,41),(634,8,'2016-03-06 17:24:02.251983',328,41),(635,9,'2016-03-06 17:24:22.652521',314,41),(636,7,'2016-03-06 17:24:39.019324',313,41),(637,10,'2016-03-06 17:24:57.832436',312,41),(638,7,'2016-03-06 17:25:15.708226',311,41),(639,8,'2016-03-06 17:25:30.083128',310,41),(640,7,'2016-03-06 17:25:55.507104',309,41),(641,7,'2016-03-06 17:26:12.809480',308,41),(642,7,'2016-03-06 17:26:25.813539',307,41),(643,9,'2016-03-06 17:26:41.930487',315,41),(644,7,'2016-03-06 17:26:55.249028',316,41),(645,7,'2016-03-06 17:27:11.136746',324,41),(646,9,'2016-03-06 17:27:27.189129',323,41),(647,7,'2016-03-06 17:27:49.305465',322,41),(648,10,'2016-03-06 17:28:07.359662',321,41),(649,7,'2016-03-06 17:28:17.491683',320,41),(650,10,'2016-03-06 17:28:32.619646',319,41),(651,8,'2016-03-06 17:28:51.610861',318,41),(652,8,'2016-03-06 17:29:00.737102',317,41),(653,7,'2016-03-06 17:29:19.883004',295,41),(654,8,'2016-03-06 17:29:33.560722',294,41),(655,10,'2016-03-06 17:29:49.559735',293,41),(656,7,'2016-03-06 17:29:58.771826',292,41),(657,10,'2016-03-06 17:30:12.629905',291,41),(658,7,'2016-03-06 17:30:21.826436',290,41),(659,7,'2016-03-06 17:30:55.509937',288,41),(660,7,'2016-03-06 17:31:10.978431',296,41),(661,8,'2016-03-06 17:31:21.942980',297,41),(662,7,'2016-03-06 17:31:38.392360',306,41),(663,7,'2016-03-06 17:31:50.373102',305,41),(664,10,'2016-03-06 17:32:05.029586',304,41),(665,10,'2016-03-06 17:32:20.224193',302,41),(666,9,'2016-03-06 17:32:28.216755',303,41),(667,7,'2016-03-06 17:32:40.536807',301,41),(668,7,'2016-03-06 17:32:56.592626',300,41),(669,7,'2016-03-06 17:33:04.234972',299,41),(670,8,'2016-03-06 17:33:38.036472',298,41),(671,7,'2016-03-06 17:33:46.032899',284,41),(672,10,'2016-03-06 17:34:00.326223',285,41),(673,10,'2016-03-06 17:34:07.571607',286,41),(674,7,'2016-03-06 17:34:19.429590',283,41),(675,6,'2016-03-06 17:34:27.380269',282,41),(676,10,'2016-03-07 18:39:04.334841',281,41),(678,7,'2016-03-06 17:38:39.427793',63,42),(679,9,'2016-03-06 17:38:52.728895',249,41),(680,7,'2016-03-06 17:39:11.775632',268,41),(681,10,'2016-03-06 17:39:36.343681',231,41),(682,7,'2016-03-06 17:39:56.150349',73,42),(683,7,'2016-03-06 17:40:11.315328',71,42),(684,9,'2016-03-06 17:40:13.165404',195,41),(685,8,'2016-03-06 17:40:23.514816',189,41),(686,8,'2016-03-06 17:40:39.593957',65,42),(687,7,'2016-03-06 17:41:00.299592',165,41),(688,10,'2016-03-06 17:41:08.810813',164,41),(689,7,'2016-03-06 17:41:32.075801',149,41),(690,10,'2016-03-06 17:41:52.970524',116,41),(691,5,'2016-03-06 18:26:50.686997',17,10),(692,5,'2016-03-06 19:00:07.653486',13,10),(693,5,'2016-03-06 18:27:16.161129',12,10),(694,12,'2016-03-06 21:38:52.297134',246,43),(695,6,'2016-03-06 19:17:53.835546',163,43),(696,7,'2016-03-06 19:42:46.414385',174,43),(697,7,'2016-03-06 19:43:29.246436',186,43),(698,7,'2016-03-06 19:43:40.068048',188,43),(699,7,'2016-03-06 19:43:57.343915',183,43),(700,7,'2016-03-06 19:44:11.406220',180,43),(701,7,'2016-03-06 19:44:26.759826',178,43),(702,9,'2016-03-06 19:44:49.681950',199,43),(703,7,'2016-03-06 19:44:57.166038',200,43),(704,7,'2016-03-06 19:45:08.927358',201,43),(705,7,'2016-03-06 19:45:20.106230',202,43),(706,7,'2016-03-06 19:45:53.362370',196,43),(707,10,'2016-03-06 19:52:55.157290',206,43),(708,9,'2016-03-06 19:51:02.890178',207,43),(709,7,'2016-03-06 19:47:00.464294',204,43),(710,7,'2016-03-06 19:47:14.998533',205,43),(711,7,'2016-03-06 19:47:35.370724',203,43),(712,7,'2016-03-06 19:47:44.639597',193,43),(713,7,'2016-03-06 19:47:56.330246',191,43),(714,7,'2016-03-06 19:48:04.638729',190,43),(715,8,'2016-03-06 19:48:23.238995',197,43),(716,10,'2016-03-06 19:49:08.816746',151,43),(717,10,'2016-03-06 19:49:30.309764',153,43),(718,9,'2016-03-06 19:49:52.939075',157,43),(719,10,'2016-03-06 19:50:17.276554',159,43),(720,9,'2016-03-06 19:50:28.449525',169,43),(721,10,'2016-03-06 19:51:38.367668',173,43),(722,10,'2016-03-06 19:52:02.147658',172,43),(723,7,'2016-03-06 19:52:33.279316',166,43),(724,7,'2016-03-06 20:32:07.438637',150,43),(725,7,'2016-03-06 20:32:16.692997',152,43),(726,7,'2016-03-06 20:32:24.979916',160,43),(727,7,'2016-03-06 21:02:51.383486',158,43),(728,7,'2016-03-06 21:03:02.045907',156,43),(729,7,'2016-03-06 21:03:13.176009',155,43),(730,7,'2016-03-06 21:03:23.644557',154,43),(731,7,'2016-03-06 21:03:33.893093',165,43),(732,7,'2016-03-06 21:03:44.279538',164,43),(733,7,'2016-03-06 21:03:55.199515',162,43),(734,7,'2016-03-06 21:04:11.674638',161,43),(735,7,'2016-03-06 21:04:23.996177',168,43),(736,7,'2016-03-06 21:04:35.011561',171,43),(737,7,'2016-03-06 21:04:45.397259',170,43),(738,7,'2016-03-06 21:05:58.548338',128,43),(739,7,'2016-03-06 21:06:07.945562',130,43),(740,7,'2016-03-06 21:06:44.482151',136,43),(741,7,'2016-03-06 21:14:39.047959',148,43),(742,7,'2016-03-06 21:14:50.910760',149,43),(743,7,'2016-03-06 21:15:21.634315',106,43),(744,7,'2016-03-06 21:15:51.129634',119,43),(745,7,'2016-03-06 21:20:22.909675',98,43),(746,12,'2016-03-08 01:06:35.326123',280,43),(747,12,'2016-03-08 01:07:09.175734',217,43),(748,7,'2016-03-07 01:09:25.130735',118,42),(749,8,'2016-03-07 01:35:32.477181',117,43),(750,7,'2016-03-07 01:36:40.213711',24,45),(751,7,'2016-03-07 01:37:10.603993',60,45),(752,7,'2016-03-08 14:36:32.782775',64,45),(753,7,'2016-03-07 01:37:39.612471',61,45),(754,7,'2016-03-07 01:38:30.700334',48,45),(755,7,'2016-03-07 01:41:07.110655',81,46),(756,6,'2016-03-07 01:41:33.369719',91,46),(757,7,'2016-03-07 01:41:49.233127',90,46),(758,6,'2016-03-07 01:42:15.245495',100,46),(759,7,'2016-03-07 01:42:35.518961',105,46),(760,7,'2016-03-07 01:42:52.262173',104,46),(761,6,'2016-03-07 01:43:13.116459',89,46),(762,7,'2016-03-07 01:43:26.399850',88,46),(763,6,'2016-03-07 01:43:37.078623',87,46),(764,6,'2016-03-07 01:43:52.294540',86,46),(765,7,'2016-03-07 01:48:16.567606',172,48),(766,7,'2016-03-07 01:48:47.951313',171,48),(767,7,'2016-03-07 01:48:57.655778',170,48),(768,7,'2016-03-07 01:49:40.424882',169,48),(769,7,'2016-03-07 01:53:55.260359',195,43),(770,7,'2016-03-07 02:17:12.925173',1,44),(771,6,'2016-03-07 02:21:28.614263',2,44),(772,6,'2016-03-07 02:21:41.159244',3,44),(773,6,'2016-03-07 02:21:50.600262',4,44),(774,6,'2016-03-07 02:21:59.499465',5,44),(775,6,'2016-03-07 02:22:07.753150',6,44),(776,6,'2016-03-07 02:22:20.998960',8,44),(777,7,'2016-03-07 02:22:28.056576',7,44),(778,12,'2016-03-07 02:26:51.671677',425,50),(779,5,'2016-03-07 02:27:23.292179',9,44),(780,6,'2016-03-07 02:27:38.478417',17,44),(781,6,'2016-03-07 02:27:46.195799',13,44),(782,6,'2016-03-07 02:27:57.069467',16,44),(783,6,'2016-03-07 02:28:14.819410',15,44),(784,5,'2016-03-07 02:28:22.518593',14,44),(785,5,'2016-03-07 02:28:37.326021',12,44),(786,6,'2016-03-07 02:28:51.222125',11,44),(787,6,'2016-03-07 02:28:59.141983',10,44),(788,6,'2016-03-07 02:29:06.684234',18,44),(789,12,'2016-03-07 02:29:58.965232',388,50),(790,12,'2016-03-07 02:30:26.003128',337,50),(791,12,'2016-03-07 02:30:36.136619',336,50),(792,5,'2016-03-07 02:30:51.121878',285,50),(793,5,'2016-03-07 02:31:22.033610',283,50),(794,12,'2016-03-07 02:32:44.653052',335,50),(795,12,'2016-03-07 02:32:54.267691',334,50),(796,12,'2016-03-07 02:33:57.252323',333,50),(797,12,'2016-03-07 02:34:14.122649',178,50),(798,8,'2016-03-07 02:34:33.469163',183,50),(799,6,'2016-03-08 09:48:45.151329',184,50),(800,6,'2016-03-08 10:14:34.613342',185,50),(801,12,'2016-03-07 02:34:57.997551',209,50),(802,12,'2016-03-07 02:35:06.494692',210,50),(803,5,'2016-03-07 02:35:15.343553',211,50),(804,5,'2016-03-07 02:45:49.936723',281,50),(805,12,'2016-03-07 02:37:45.162853',332,50),(806,12,'2016-03-07 02:37:50.905152',282,50),(807,12,'2016-03-07 02:37:55.780206',208,50),(808,5,'2016-03-07 02:38:09.993431',128,50),(809,6,'2016-03-07 02:42:12.058052',19,44),(810,5,'2016-03-07 02:42:23.754279',24,44),(811,5,'2016-03-07 02:42:34.043404',23,44),(812,5,'2016-03-07 02:42:43.610690',22,44),(813,6,'2016-03-07 02:42:53.312739',21,44),(814,6,'2016-03-07 02:43:03.635153',20,44),(815,7,'2016-03-07 02:43:03.997545',12,50),(816,5,'2016-03-07 02:43:13.179282',25,44),(817,7,'2016-03-07 02:43:15.908016',11,50),(818,5,'2016-03-07 02:43:21.192006',26,44),(819,7,'2016-03-07 02:43:24.016375',14,50),(820,5,'2016-03-07 02:43:30.267903',27,44),(821,10,'2016-03-08 09:58:50.996860',10,50),(822,7,'2016-03-08 08:54:22.550624',13,50),(823,7,'2016-03-07 02:43:46.263869',15,50),(824,6,'2016-03-07 02:43:47.716623',28,44),(825,7,'2016-03-08 15:59:16.011648',16,50),(826,7,'2016-03-07 02:44:00.011409',17,50),(827,7,'2016-03-08 08:44:10.923156',18,50),(828,12,'2016-03-07 02:44:47.193341',175,50),(829,12,'2016-03-07 02:44:57.801179',176,50),(830,6,'2016-03-07 02:45:05.119150',85,46),(831,5,'2016-03-07 02:45:08.848487',174,50),(832,7,'2016-03-07 02:45:15.644630',84,46),(833,12,'2016-03-07 02:45:23.155765',177,50),(834,6,'2016-03-07 02:45:26.744707',99,46),(835,7,'2016-03-07 02:45:37.922321',101,46),(836,7,'2016-03-07 02:45:49.871413',102,46),(837,7,'2016-03-07 02:46:02.633637',103,46),(838,7,'2016-03-07 02:47:01.574043',72,46),(839,7,'2016-03-07 02:47:09.974097',71,46),(840,7,'2016-03-07 02:47:18.803341',70,46),(841,7,'2016-03-07 02:47:27.490632',69,46),(842,7,'2016-03-07 02:47:43.890092',78,46),(843,7,'2016-03-07 02:47:53.585782',77,46),(844,12,'2016-03-07 02:48:09.982254',212,50),(845,7,'2016-03-07 02:48:11.812231',76,46),(846,12,'2016-03-07 02:48:16.533679',213,50),(847,7,'2016-03-07 02:48:22.092650',75,46),(848,12,'2016-03-07 02:48:23.908780',214,50),(849,12,'2016-03-07 02:48:31.097661',215,50),(850,7,'2016-03-07 02:48:32.329306',74,46),(851,12,'2016-03-07 02:48:39.715015',250,50),(852,6,'2016-03-07 02:48:43.228469',79,46),(853,12,'2016-03-07 02:48:46.387246',249,50),(854,10,'2016-03-07 02:48:52.742121',11,52),(855,7,'2016-03-07 02:48:52.811297',80,46),(856,12,'2016-03-07 02:48:54.496360',252,50),(857,12,'2016-03-07 02:49:01.141835',286,50),(858,12,'2016-03-07 02:49:06.351599',216,50),(859,12,'2016-03-07 02:49:11.921116',217,50),(860,7,'2016-03-07 02:49:13.483562',61,46),(861,12,'2016-03-07 02:49:21.333807',251,50),(862,7,'2016-03-07 02:49:25.465221',60,46),(863,12,'2016-03-07 02:49:31.429436',248,50),(864,7,'2016-03-07 02:49:36.985890',59,46),(865,12,'2016-03-07 02:49:37.973088',284,50),(866,9,'2016-03-07 02:49:40.973883',21,52),(867,7,'2016-03-07 02:49:44.577989',58,46),(868,12,'2016-03-07 02:49:45.189318',253,50),(869,12,'2016-03-07 02:49:53.869658',247,50),(870,7,'2016-03-07 02:49:56.998558',57,46),(871,7,'2016-03-07 02:50:05.143025',56,46),(872,7,'2016-03-07 02:50:14.530897',55,46),(873,12,'2016-03-07 02:50:21.126593',246,50),(874,7,'2016-03-07 02:50:23.142694',54,46),(875,7,'2016-03-07 02:50:31.803262',53,46),(876,7,'2016-03-07 02:50:32.244385',51,52),(877,7,'2016-03-07 02:50:41.178029',62,46),(878,7,'2016-03-07 02:50:51.718616',63,46),(879,7,'2016-03-07 02:51:00.824635',64,46),(880,6,'2016-03-08 16:08:40.783266',41,50),(881,7,'2016-03-07 02:51:20.921178',42,46),(882,12,'2016-03-07 02:51:21.259641',262,50),(883,7,'2016-03-07 02:51:29.165420',43,46),(884,7,'2016-03-07 02:51:37.655751',50,46),(885,7,'2016-03-07 02:51:45.636473',49,46),(886,7,'2016-03-07 02:51:46.071085',57,52),(887,12,'2016-03-07 02:51:49.534106',470,50),(888,7,'2016-03-07 02:51:53.828015',48,46),(889,7,'2016-03-07 02:52:02.297829',47,46),(890,12,'2016-03-07 02:52:11.546475',307,50),(891,7,'2016-03-07 02:52:11.578490',46,46),(892,7,'2016-03-07 02:52:19.199920',38,52),(893,7,'2016-03-07 02:52:22.296676',45,46),(894,12,'2016-03-07 02:52:28.882058',472,50),(895,7,'2016-03-07 02:52:30.291517',44,46),(896,7,'2016-03-07 02:52:47.958075',40,46),(897,7,'2016-03-07 02:52:56.283427',39,46),(898,7,'2016-03-07 02:52:59.590208',60,52),(899,7,'2016-03-07 02:53:04.597984',38,46),(900,7,'2016-03-07 02:53:14.503445',36,46),(901,7,'2016-03-07 02:53:23.739589',34,46),(902,7,'2016-03-07 02:53:32.990177',32,46),(903,7,'2016-03-07 02:53:51.525793',23,46),(904,7,'2016-03-07 02:53:58.868871',50,52),(905,6,'2016-03-07 02:55:17.555483',56,52),(906,10,'2016-03-07 02:56:49.262579',10,52),(907,8,'2016-03-07 02:57:12.202927',22,52),(908,7,'2016-03-07 02:57:33.975213',81,52),(909,7,'2016-03-07 02:58:09.144291',82,52),(910,10,'2016-03-07 02:58:29.754517',13,52),(911,10,'2016-03-07 02:58:52.463727',30,52),(912,7,'2016-03-07 02:59:14.532257',29,52),(913,9,'2016-03-07 02:59:33.364344',42,52),(914,10,'2016-03-07 02:59:58.499181',17,52),(915,7,'2016-03-07 03:00:19.979748',83,52),(916,10,'2016-03-07 03:00:44.377983',15,52),(917,10,'2016-03-07 03:00:54.024068',14,52),(918,7,'2016-03-07 03:01:16.694616',43,52),(919,10,'2016-03-07 03:02:05.334029',8,52),(920,5,'2016-03-07 03:19:51.063726',389,57),(922,4,'2016-03-07 06:47:54.246645',498,10),(923,4,'2016-03-07 06:48:01.814523',497,10),(924,4,'2016-03-07 06:48:08.012397',496,10),(925,4,'2016-03-07 06:48:17.146879',495,10),(926,4,'2016-03-07 06:48:24.036003',494,10),(927,4,'2016-03-07 06:48:29.905957',493,10),(928,7,'2016-03-07 07:35:26.130644',106,42),(929,4,'2016-03-07 06:48:36.266383',492,10),(930,4,'2016-03-07 06:48:40.864062',173,10),(931,7,'2016-03-07 07:04:55.837550',119,42),(932,4,'2016-03-07 06:48:45.492281',279,10),(933,4,'2016-03-07 06:48:52.494628',280,10),(934,7,'2016-03-07 07:47:37.936873',121,42),(935,7,'2016-03-07 07:45:25.543682',124,42),(936,4,'2016-03-07 06:49:04.321120',329,10),(937,4,'2016-03-07 06:49:11.695039',368,10),(938,4,'2016-03-07 06:49:19.976274',369,10),(939,7,'2016-03-07 07:36:38.988549',109,42),(940,7,'2016-03-07 07:25:45.752483',90,42),(941,5,'2016-03-07 06:50:02.665111',14,10),(942,7,'2016-03-07 06:50:09.489056',89,42),(943,5,'2016-03-07 06:50:19.321562',29,10),(944,7,'2016-03-07 06:50:19.866968',86,42),(945,5,'2016-03-07 06:50:28.810730',30,10),(946,7,'2016-03-07 07:26:09.178630',98,42),(947,5,'2016-03-07 06:50:38.164655',42,10),(948,5,'2016-03-07 06:50:45.702788',43,10),(949,5,'2016-03-07 06:50:53.131478',83,10),(950,5,'2016-03-07 06:51:08.953640',25,10),(951,5,'2016-03-07 06:51:17.656447',26,10),(952,5,'2016-03-07 06:51:23.364456',27,10),(953,11,'2016-03-07 06:51:25.982190',60,42),(954,5,'2016-03-07 06:52:03.316574',28,10),(955,5,'2016-03-07 06:52:12.396518',32,10),(956,5,'2016-03-07 06:52:22.209405',33,10),(957,5,'2016-03-07 06:52:36.613863',34,10),(958,5,'2016-03-07 06:52:51.545037',35,10),(959,5,'2016-03-07 06:53:06.395611',36,10),(960,5,'2016-03-07 06:53:16.509286',37,10),(961,5,'2016-03-07 06:53:32.156455',38,10),(962,5,'2016-03-07 06:53:38.881411',39,10),(963,5,'2016-03-07 06:53:49.971900',40,10),(964,7,'2016-03-07 06:53:58.955229',91,42),(965,5,'2016-03-07 06:54:02.514555',44,10),(966,5,'2016-03-07 06:54:10.075306',45,10),(967,7,'2016-03-07 06:54:11.472062',93,42),(968,5,'2016-03-07 06:54:17.349877',46,10),(969,3,'2016-03-07 06:54:31.456644',332,10),(970,5,'2016-03-07 06:54:41.758232',283,10),(971,4,'2016-03-07 06:54:51.198834',282,10),(972,4,'2016-03-07 06:55:03.494996',66,10),(973,5,'2016-03-07 06:55:25.221810',65,10),(974,5,'2016-03-07 06:55:46.896753',47,10),(975,5,'2016-03-07 06:56:02.337370',48,10),(976,5,'2016-03-07 06:56:14.634296',49,10),(977,5,'2016-03-07 06:56:23.058313',50,10),(978,5,'2016-03-07 06:56:30.937908',51,10),(979,5,'2016-03-07 06:56:44.541239',52,10),(980,5,'2016-03-07 06:57:09.063386',53,10),(981,5,'2016-03-07 06:57:16.856767',55,10),(982,4,'2016-03-07 06:57:26.448253',58,10),(983,5,'2016-03-07 06:57:34.675473',57,10),(984,5,'2016-03-07 06:57:49.625562',56,10),(985,4,'2016-03-07 06:58:05.287517',73,10),(986,4,'2016-03-07 06:58:16.057799',86,10),(987,4,'2016-03-07 06:58:32.029318',281,10),(988,7,'2016-03-07 06:59:51.473068',135,42),(989,7,'2016-03-07 07:04:42.452021',107,42),(990,7,'2016-03-07 07:05:50.684868',115,42),(991,7,'2016-03-07 07:06:38.718310',120,42),(992,7,'2016-03-07 07:06:54.242288',113,42),(993,7,'2016-03-07 07:24:18.469756',143,42),(994,7,'2016-03-07 07:24:28.839147',145,42),(995,7,'2016-03-07 07:26:56.987455',132,42),(996,7,'2016-03-07 07:43:04.985650',141,42),(997,7,'2016-03-07 07:48:02.076908',136,42),(998,7,'2016-03-07 09:25:36.356809',9,9),(999,7,'2016-03-07 09:25:50.581425',17,9),(1000,7,'2016-03-07 09:26:02.015975',16,9),(1001,7,'2016-03-07 09:26:12.015755',15,9),(1002,6,'2016-03-07 09:26:21.902002',14,9),(1003,7,'2016-03-07 09:26:33.819924',13,9),(1004,10,'2016-03-07 09:26:54.768175',12,9),(1005,8,'2016-03-07 09:27:05.569687',11,9),(1006,10,'2016-03-07 09:27:15.353985',10,9),(1007,7,'2016-03-07 10:37:35.731186',254,66),(1008,7,'2016-03-08 07:53:22.730207',251,66),(1009,7,'2016-03-07 10:38:30.260055',258,66),(1010,7,'2016-03-07 10:38:56.287511',156,48),(1011,7,'2016-03-07 10:38:56.888974',278,66),(1012,7,'2016-03-07 10:39:08.525090',154,48),(1013,7,'2016-03-07 10:39:19.449036',277,66),(1014,7,'2016-03-07 10:39:29.891992',155,48),(1015,7,'2016-03-07 10:39:45.594353',259,66),(1016,7,'2016-03-07 10:39:45.999853',153,48),(1017,7,'2016-03-07 10:40:06.572865',152,48),(1018,7,'2016-03-07 10:40:14.207731',151,48),(1019,7,'2016-03-07 10:40:16.609423',252,66),(1020,7,'2016-03-07 10:40:31.988678',250,66),(1021,7,'2016-03-07 10:40:34.422031',150,48),(1022,7,'2016-03-07 10:40:42.838474',157,48),(1023,7,'2016-03-07 10:40:49.651239',269,66),(1024,7,'2016-03-07 10:41:04.968564',40,68),(1025,6,'2016-03-07 10:41:08.570136',271,66),(1026,7,'2016-03-07 10:41:11.750062',173,48),(1027,7,'2016-03-07 10:41:23.883540',39,68),(1028,7,'2016-03-07 10:41:25.107439',256,66),(1029,7,'2016-03-07 10:41:39.410732',149,48),(1030,7,'2016-03-07 10:41:43.529297',38,68),(1031,7,'2016-03-07 10:41:48.687859',148,48),(1032,7,'2016-03-07 10:42:00.398945',35,68),(1033,9,'2016-03-07 10:42:16.739635',36,68),(1034,7,'2016-03-07 10:42:39.283832',34,68),(1035,7,'2016-03-07 10:42:51.288652',32,68),(1036,10,'2016-03-07 10:43:09.390410',41,68),(1037,10,'2016-03-07 10:43:23.473315',37,68),(1038,10,'2016-03-07 10:43:31.465458',31,68),(1039,10,'2016-03-07 10:43:39.447575',29,68),(1040,10,'2016-03-07 10:43:46.047819',30,68),(1041,10,'2016-03-07 10:43:54.873398',33,68),(1042,7,'2016-03-07 10:44:21.277297',23,68),(1043,7,'2016-03-07 10:44:50.476600',42,68),(1044,7,'2016-03-07 10:44:58.371383',43,68),(1045,7,'2016-03-07 10:45:06.735827',50,68),(1046,7,'2016-03-07 10:45:14.929865',49,68),(1047,9,'2016-03-07 10:45:28.227200',48,68),(1048,7,'2016-03-07 10:45:47.925811',47,68),(1049,7,'2016-03-07 10:45:55.780216',46,68),(1050,7,'2016-03-07 10:46:17.974867',45,68),(1051,7,'2016-03-07 10:46:27.102328',44,68),(1052,10,'2016-03-07 10:46:34.764001',51,68),(1053,7,'2016-03-07 10:47:16.799779',64,68),(1054,7,'2016-03-07 10:47:24.396845',63,68),(1055,7,'2016-03-07 10:47:36.677706',62,68),(1056,7,'2016-03-07 10:47:45.558381',53,68),(1057,7,'2016-03-07 10:47:53.770217',54,68),(1058,7,'2016-03-07 10:48:03.550563',55,68),(1059,7,'2016-03-07 10:48:10.755930',56,68),(1060,7,'2016-03-07 10:48:21.324010',58,68),(1061,7,'2016-03-07 10:48:28.799220',59,68),(1062,7,'2016-03-07 10:48:36.033746',60,68),(1063,7,'2016-03-07 10:48:43.208835',61,68),(1064,7,'2016-03-07 10:49:09.060867',72,68),(1065,7,'2016-03-07 10:49:16.428955',71,68),(1066,7,'2016-03-07 10:49:23.914385',70,68),(1067,7,'2016-03-07 10:49:32.026398',69,68),(1068,7,'2016-03-07 10:49:56.637381',68,68),(1069,7,'2016-03-07 10:50:06.037626',66,68),(1070,7,'2016-03-07 10:50:14.054472',78,68),(1071,7,'2016-03-07 10:50:23.199086',77,68),(1072,7,'2016-03-07 10:50:31.855661',76,68),(1073,7,'2016-03-07 10:50:42.187864',75,68),(1074,7,'2016-03-07 10:50:51.831907',74,68),(1075,7,'2016-03-07 10:51:06.300782',79,68),(1076,7,'2016-03-07 10:51:16.015209',80,68),(1077,7,'2016-03-07 10:51:30.839147',81,68),(1078,7,'2016-03-07 10:51:37.597243',82,68),(1079,7,'2016-03-07 10:51:43.960078',83,68),(1080,7,'2016-03-07 10:51:51.310483',91,68),(1081,7,'2016-03-07 10:51:59.879673',90,68),(1082,7,'2016-03-07 10:52:45.915827',88,68),(1083,6,'2016-03-07 10:52:57.252432',105,68),(1084,7,'2016-03-07 10:53:16.547401',104,68),(1085,7,'2016-03-07 10:53:31.197329',94,68),(1086,7,'2016-03-07 10:53:41.804340',95,68),(1087,7,'2016-03-07 10:53:53.473735',97,68),(1088,7,'2016-03-07 10:54:10.751095',103,68),(1089,7,'2016-03-07 10:54:19.984005',102,68),(1090,7,'2016-03-07 10:55:31.768063',257,66),(1091,7,'2016-03-07 10:56:08.098160',263,66),(1092,6,'2016-03-07 10:56:29.720825',261,66),(1093,7,'2016-03-07 10:56:40.849920',274,66),(1094,7,'2016-03-07 10:58:09.218779',145,66),(1095,7,'2016-03-07 10:58:40.372470',87,68),(1096,7,'2016-03-07 10:58:48.475925',86,68),(1097,7,'2016-03-07 10:59:02.702603',101,68),(1098,6,'2016-03-07 10:59:12.452903',100,68),(1099,7,'2016-03-07 10:59:21.518177',99,68),(1100,7,'2016-03-07 10:59:35.808331',84,68),(1101,7,'2016-03-07 11:00:17.474979',106,68),(1102,7,'2016-03-07 11:00:39.500067',107,68),(1103,7,'2016-03-07 11:00:48.158657',108,68),(1104,7,'2016-03-07 11:00:58.855417',118,68),(1105,7,'2016-03-07 11:01:11.073754',120,68),(1106,7,'2016-03-07 11:01:22.545793',122,68),(1107,7,'2016-03-07 11:01:33.424574',117,68),(1108,7,'2016-03-07 11:01:41.975184',116,68),(1109,7,'2016-03-07 11:01:52.633860',110,68),(1110,7,'2016-03-07 11:02:01.573196',111,68),(1111,7,'2016-03-07 11:02:09.795085',112,68),(1112,7,'2016-03-07 11:02:20.489428',113,68),(1113,7,'2016-03-07 11:02:29.004302',114,68),(1114,7,'2016-03-07 11:02:37.145098',115,68),(1115,7,'2016-03-07 11:02:47.288445',125,68),(1116,7,'2016-03-07 11:02:55.196527',126,68),(1117,8,'2016-03-07 11:45:17.435579',72,42),(1118,10,'2016-03-07 12:34:49.727951',51,29),(1119,7,'2016-03-07 12:35:01.106392',47,29),(1120,7,'2016-03-07 12:35:37.292381',66,29),(1121,9,'2016-03-07 13:02:58.187788',41,29),(1129,12,'2016-03-08 01:08:06.826950',212,43),(1130,7,'2016-03-08 01:44:19.470660',189,43),(1131,7,'2016-03-08 04:27:35.836629',468,5),(1132,7,'2016-03-08 04:27:46.755359',469,5),(1133,7,'2016-03-08 04:27:58.380763',467,5),(1134,10,'2016-03-08 05:10:17.848904',473,5),(1135,7,'2016-03-08 05:10:31.981852',475,5),(1136,7,'2016-03-08 05:10:56.284122',476,5),(1137,7,'2016-03-08 05:11:15.440311',474,5),(1138,7,'2016-03-08 05:11:28.448347',486,5),(1139,7,'2016-03-08 06:04:18.342729',388,27),(1140,7,'2016-03-08 06:04:31.680189',468,27),(1141,7,'2016-03-08 06:04:44.696568',391,27),(1142,6,'2016-03-08 06:05:30.542333',476,27),(1143,7,'2016-03-08 06:05:56.325740',291,27),(1144,5,'2016-03-08 06:59:22.193020',476,66),(1145,6,'2016-03-08 07:02:27.242768',393,66),(1146,7,'2016-03-08 07:05:16.907634',321,66),(1147,7,'2016-03-08 07:12:42.259320',391,5),(1148,7,'2016-03-08 07:14:01.391797',266,66),(1149,10,'2016-03-08 07:15:24.119670',471,5),(1150,7,'2016-03-08 07:16:40.944393',255,66),(1151,5,'2016-03-08 07:17:46.393505',341,50),(1152,9,'2016-03-08 07:18:26.936196',392,5),(1153,7,'2016-03-08 07:19:44.619864',249,66),(1154,5,'2016-03-08 07:20:30.288740',186,50),(1155,9,'2016-03-08 07:23:50.584701',389,5),(1156,7,'2016-03-08 07:25:15.505985',253,66),(1157,7,'2016-03-08 07:27:56.869035',398,5),(1158,7,'2016-03-08 07:28:18.262550',220,66),(1159,7,'2016-03-08 07:30:12.468952',396,5),(1160,9,'2016-03-08 07:31:08.307545',222,66),(1161,6,'2016-03-08 07:32:47.046652',218,50),(1162,10,'2016-03-08 07:32:52.376582',393,5),(1163,9,'2016-03-08 07:38:39.317141',216,66),(1164,7,'2016-03-08 07:41:57.039516',211,66),(1165,9,'2016-03-08 07:44:36.293142',221,66),(1166,6,'2016-03-08 07:47:18.508405',219,50),(1167,7,'2016-03-08 07:48:18.123260',243,66),(1168,5,'2016-03-08 07:50:45.469780',181,50),(1169,5,'2016-03-08 08:13:13.514688',339,53),(1170,7,'2016-03-08 08:09:09.114882',86,45),(1171,7,'2016-03-08 08:09:39.092969',89,45),(1172,5,'2016-03-08 08:22:05.051267',305,53),(1173,6,'2016-03-08 08:22:44.946104',151,50),(1174,6,'2016-03-08 08:28:24.994968',188,50),(1175,6,'2016-03-08 09:52:29.747164',182,50),(1176,12,'2016-03-08 08:29:18.568729',179,50),(1177,5,'2016-03-08 09:55:39.868042',130,50),(1178,6,'2016-03-08 08:33:30.747216',58,50),(1179,7,'2016-03-08 08:51:20.882818',36,50),(1180,12,'2016-03-08 08:55:59.624479',180,50),(1181,6,'2016-03-08 09:45:32.589120',9,50),(1182,7,'2016-03-08 14:05:35.923062',67,29),(1183,7,'2016-03-08 14:05:58.038749',78,29),(1184,7,'2016-03-08 14:06:11.051119',80,29),(1185,10,'2016-03-08 14:06:59.275282',48,29),(1186,9,'2016-03-08 14:34:46.362072',92,45),(1187,9,'2016-03-08 14:35:05.416681',97,45),(1188,6,'2016-03-08 14:35:25.239117',100,45),(1189,10,'2016-03-08 14:36:56.936226',55,45),(1197,7,'2016-03-08 16:54:24.187283',304,76),(1198,7,'2016-03-08 16:54:58.009877',297,76),(1199,6,'2016-03-08 16:57:02.015437',490,76),(1200,6,'2016-03-08 16:57:28.937975',487,76),(1201,7,'2016-03-08 16:59:09.109999',418,76),(1202,6,'2016-03-08 17:00:02.157807',417,76),(1203,7,'2016-03-08 17:00:41.359777',402,76),(1204,7,'2016-03-08 17:01:08.657650',413,76),(1205,6,'2016-03-08 17:01:41.730790',448,76),(1206,7,'2016-03-08 17:02:24.205654',431,76),(1207,7,'2016-03-08 17:02:52.812912',454,76),(1208,6,'2016-03-08 17:05:34.454327',427,76),(1209,7,'2016-03-08 17:03:33.160251',386,76),(1210,7,'2016-03-08 17:03:50.144016',446,76),(1211,7,'2016-03-08 17:04:22.903918',387,76),(1212,7,'2016-03-08 17:04:51.185048',460,76),(1213,7,'2016-03-08 17:05:18.065932',430,76),(1214,7,'2016-03-08 17:06:18.776259',357,76),(1215,9,'2016-03-08 17:06:46.096262',437,76),(1216,7,'2016-03-08 17:07:10.364934',436,76),(1217,7,'2016-03-08 17:10:26.042756',369,76),(1218,7,'2016-03-08 17:11:10.890283',362,76),(1219,7,'2016-03-08 17:11:33.189918',341,76),(1220,7,'2016-03-08 17:11:56.376587',343,76),(1221,7,'2016-03-08 17:12:43.026453',321,76),(1222,7,'2016-03-08 17:13:26.612622',368,76),(1223,7,'2016-03-08 17:13:48.924584',328,76),(1224,7,'2016-03-08 17:14:19.415181',282,76),(1225,7,'2016-03-08 17:14:36.635059',305,76),(1226,7,'2016-03-08 17:14:56.712264',323,76),(1227,7,'2016-03-08 17:15:42.856212',262,76),(1228,7,'2016-03-08 17:16:26.739041',290,76),(1229,7,'2016-03-08 17:16:56.591355',260,76),(1230,9,'2016-03-08 17:33:57.507044',255,76);
/*!40000 ALTER TABLE `main_medal` ENABLE KEYS */;
UNLOCK TABLES;

--
-- Table structure for table `main_music`
--

DROP TABLE IF EXISTS `main_music`;
/*!40101 SET @saved_cs_client     = @@character_set_client */;
/*!40101 SET character_set_client = utf8 */;
CREATE TABLE `main_music` (
  `id` int(11) NOT NULL AUTO_INCREMENT,
  `title` varchar(255) NOT NULL,
  `bpm` varchar(10) DEFAULT NULL,
  `difficulty_id` int(11) NOT NULL,
  `level_id` int(11) NOT NULL,
  `sran_level_id` int(11) NOT NULL,
  PRIMARY KEY (`id`),
  KEY `main_music_difficulty_id_cc2934ad_fk_main_difficulty_id` (`difficulty_id`),
  KEY `main_music_level_id_4adb28cd_fk_main_level_id` (`level_id`),
  KEY `main_music_a789f274` (`sran_level_id`),
  CONSTRAINT `main_music_difficulty_id_cc2934ad_fk_main_difficulty_id` FOREIGN KEY (`difficulty_id`) REFERENCES `main_difficulty` (`id`),
  CONSTRAINT `main_music_level_id_4adb28cd_fk_main_level_id` FOREIGN KEY (`level_id`) REFERENCES `main_level` (`id`),
  CONSTRAINT `main_music_sran_level_id_22680d0b_fk_main_sran_level_id` FOREIGN KEY (`sran_level_id`) REFERENCES `main_sran_level` (`id`)
) ENGINE=InnoDB AUTO_INCREMENT=503 DEFAULT CHARSET=utf8;
/*!40101 SET character_set_client = @saved_cs_client */;

--
-- Dumping data for table `main_music`
--

LOCK TABLES `main_music` WRITE;
/*!40000 ALTER TABLE `main_music` DISABLE KEYS */;
INSERT INTO `main_music` VALUES (1,'サイレント','210-360',1,1,1),(2,'ダージュ','165-188',1,1,1),(3,'エンジェリオン','105-172',1,1,1),(4,'L-an!ma','104-209',1,1,1),(5,'ムラクモ','140',1,1,1),(6,'トイコンテンポラリー','187',1,1,1),(7,'DIAVOLO','160',1,2,1),(8,'ヒップロック3.5','168-210',1,4,1),(9,'カウボーイ','134',1,1,2),(10,'スケールアウト','100-173',1,2,2),(11,'スペースレクイエム','210',1,2,2),(12,'ハードルネッサンス','212',1,2,2),(13,'ニエンテ','199',1,2,2),(14,'インボルク','184',1,2,2),(15,'ジャッジメント','185',1,2,2),(16,'perditus†paradisus','172',1,2,2),(17,'リナシタ','200',1,2,2),(18,'ジオメトリック∮ティーパーティー','132-188',1,2,2),(19,'Innocence','120-180',1,2,3),(20,'QuoN','168',1,2,3),(21,'メタリックオペラ','180',1,2,3),(22,'ヴェラム','170',1,2,3),(23,'C18H27NO3','210',1,2,3),(24,'ブラッドメタル','198',1,2,3),(25,'グラヴィオール','90-182',1,3,3),(26,'ZADAMGA','180',1,3,3),(27,'ゾディアックオラクル7','173',1,3,3),(28,'オリエンタルミソロジー','170',1,3,3),(29,'RINИE','198',1,2,4),(30,'ルイナススピリチュアル','150',1,2,4),(31,'アンセム(天空の夜明け)','150',1,2,4),(32,'ふること','175-195',1,3,4),(33,'御千手メディテーション','150-190',1,3,4),(34,'ノマディックネイション','135',1,3,4),(35,'ノマディックネイション2','135',1,3,4),(36,'スピードダンス','180',1,3,4),(37,'Chronoxia','180',1,3,4),(38,'Metamorphose','201',1,3,4),(39,'クリエイター','200',1,3,4),(40,'ワラベステップ','140-146',1,3,4),(41,'\"Schall\" we step?','178',1,5,4),(42,'プログレッシブバロック','174',1,2,5),(43,'オイパンク0','90-360',1,2,5),(44,'敬老パンク','89-356',1,3,5),(45,'バイキング','100-133',1,3,5),(46,'ハードルネッサンス3','195?',1,3,5),(47,'ナイトメアメタル','80-190',1,3,5),(48,'謀叛トランス','150',1,3,5),(49,'フィーバーロボ','160',1,3,5),(50,'アートコア','186',1,3,5),(51,'asteer','205',1,3,5),(52,'カラフルトイズ・ワンダーランド','180',1,3,6),(53,'プログレッシブ(Concertino In Blue)','103-155',1,3,6),(54,'ハードルネッサンス2','185',1,3,6),(55,'ラメント','95-210',1,3,6),(56,'火風陸空','180',1,3,6),(57,'Idola','201',1,3,6),(58,'ヒップロック3','105-180',1,3,6),(59,'ベースボールヒロイン','180',1,3,6),(60,'ブラックアルバム','155',1,3,6),(61,'スパイラルステアーズ','163',1,3,6),(62,'メイドメタル','188',1,4,6),(63,'カイジュウ','140',1,4,6),(64,'シューゲイザー','196',1,4,6),(65,'賢聖シリウスの采配','270?',1,3,7),(66,'流離','168',1,3,7),(67,'現代のヘイヨエ祭り','155',1,3,7),(68,'忍者メタル ポプコネ','210',1,3,7),(69,'シンフォニックメタルop.2','170-180',1,3,7),(70,'プログレタンゴ','138-170',1,3,7),(71,'ピアノコンテンポラリー','148',1,3,7),(72,'ハードPf+','266',1,3,7),(73,'海神','159',1,3,7),(74,'ヴァリアントレイヴ','180',1,4,7),(75,'チテイタンケン','37-180',1,4,7),(76,'忍者メタル','164',1,4,7),(77,'クラシック7','190',1,4,7),(78,'ケンカドラム','320',1,4,7),(79,'ネガメロック','192',1,5,7),(80,'萌えおこし電波ソング','185',1,5,7),(81,'スクリーン','379',1,2,8),(82,'クラシック9','25-680',1,2,8),(83,'クラシック11','40-320',1,2,8),(84,'サイバーガガク','145-290',1,3,8),(85,'ドリームチャンプル','120-140',1,3,8),(86,'グランヂデス','140-175',1,3,8),(87,'ハードPf','138',1,3,8),(88,'亜空間ジャズ','170',1,3,8),(89,'エピックプログレ','280',1,3,8),(90,'グロッソラリア','110-135',1,3,8),(91,'プログレッシブ(The Least 100sec)','200-263',1,3,8),(92,'Caradbolg','110-196',1,4,8),(93,'たまごの物理科学的 及び調理特性に関しての調査、そしてその考察','107-160',1,4,8),(94,'猫侍の逆襲','152',1,4,8),(95,'彼女は快刀乱麻','169',1,4,8),(96,'Cleopatrysm','190',1,4,8),(97,'Russian Caravan Rhapsody','158',1,4,8),(98,'龍と少女とデコヒーレンス','165',1,4,8),(99,'プログレッシブ(V)','150',1,4,8),(100,'コアロック','182',1,4,8),(101,'ハッピー','182-186',1,4,8),(102,'エレクトロバロック','166',1,4,8),(103,'スイーツプログレッシヴ','205',1,4,8),(104,'ソーサリープログレッシヴ','158',1,5,8),(105,'コンテンポラリーネイション2','111',1,5,8),(106,'ブロークンサンバブレイク','153',1,3,9),(107,'PSGブレイクコア','200',1,3,9),(108,'金縛りの逢を','200',1,3,9),(109,'ウィザウチュナイ-ゼクス-','173',1,4,9),(110,'エレジィ2','161',1,4,9),(111,'サイバーウエスタン','148',1,4,9),(112,'土偶テクノ','160',1,4,9),(113,'幻想音樂','120',1,4,9),(114,'呪エモ?','95-190',1,4,9),(115,'トランスコア','173',1,4,9),(116,'ハイブリープ','200',1,4,9),(117,'ピアノテック','175',1,4,9),(118,'ませまてぃっく?ま＋ま＝まじっく！','192',1,4,9),(119,'NINE PIECE','140-168',1,4,9),(120,'バンブーソード・ガール','208',1,4,9),(121,'Reconsideration','150',1,4,9),(122,'漆黒のスペシャルプリンセスサンデー','200',1,4,9),(123,'僕ガ壊レル前ニ','140',1,4,9),(124,'Peragro','190',1,4,9),(125,'ビッグビート','178',1,5,9),(126,'フォルクローレ','125',1,5,9),(127,'サイバーフラメンコ','140-280',1,3,10),(128,'IDM','90-180',1,3,10),(129,'ナイトメアカルーセル','80-150',1,3,10),(130,'戦乱絵巻','120-210',1,3,10),(131,'スターリートランス','155',1,3,10),(132,'和風プログレッシブ','180',1,4,10),(133,'サーカス','140-186',1,4,10),(134,'演説','106-126',1,4,10),(135,'ちんどんジャズ','213-230',1,4,10),(136,'フォレストスノウ2','128',1,4,10),(137,'ヴェルヴェットバレットヒット','177',1,4,10),(138,'おしゃまスウィング','125',1,4,10),(139,'ハイパードラマティック','160',1,4,10),(140,'ハッピーハードコア(Im so Happy)','181',1,4,10),(141,'コンテンポラリーネイション','140',1,4,10),(142,'Versa','90-180',1,4,10),(143,'エッジ','181',1,5,10),(144,'ホッテストパーティー','145',1,5,10),(145,'ボールヅアウトロック','181',1,5,10),(146,'アカシックハードコア','188',1,5,10),(147,'ガールズオルタナティブコア','145-175',1,7,10),(148,'ネイチャー','91',1,10,10),(149,'カリビアンビーツ','100',1,10,10),(150,'モダンパンク','148',1,3,11),(151,'ヒップロック5','213',1,3,11),(152,'エッセンシャリー','164',1,3,11),(153,'ゾディアックオラクル1','180',1,4,11),(154,'中華ロック','180',1,4,11),(155,'昭和ノワール','225',1,4,11),(156,'下克上ドラムンベース','175',1,4,11),(157,'姫コア','95-190',1,4,11),(158,'ドラムンコアダスト','181',1,4,11),(159,'ポップミュージック','220',1,4,11),(160,'ダークオペラREMIX','170',1,4,11),(161,'超恋愛☆エクストリーム・ガール','196',1,5,11),(162,'ラボテクノ','190',1,5,11),(163,'コンテンポラリーネイション5','138',1,5,11),(164,'理系ポップ','128',1,5,11),(165,'わんわんコア','192',1,5,11),(166,'ice crystals','185',1,5,11),(167,'8000000','200',1,5,11),(168,'532nm','177',1,6,11),(169,'オリエンタルフォークロア','132',1,6,11),(170,'トザン','175',1,6,11),(171,'パペットアンサンブル','89-167',1,6,11),(172,'ビートニク','77-214',1,6,11),(173,'ラブリートランスポップ','160',1,8,11),(174,'デスレゲエ','102-205',1,3,12),(175,'スピードコア','270',1,3,12),(176,'カグランジ','127',1,3,12),(177,'ビーストメタル','249',1,3,12),(178,'ビビッド','166-188',1,4,12),(179,'大宇宙の法典','209',1,4,12),(180,'ハッピーハードコア(SweetSweetMagic)','180',1,4,12),(181,'ヒルビリー','272',1,4,12),(182,'デパファンク','130',1,4,12),(183,'JAM','240',1,4,12),(184,'ピラミッド','70-270',1,4,12),(185,'近代絶頂音楽','88-113',1,4,12),(186,'ナニワヒーロー','152',1,4,12),(187,'サイバーメタル','250',1,4,12),(188,'A.I.ダークネス','60-190',1,4,12),(189,'ハイνブリープ','196',1,5,12),(190,'スペースポップ','180',1,5,12),(191,'ブルガリアンリズム','204',1,5,12),(192,'スパイREMIX','90-180',1,5,12),(193,'コスモロジカル','162',1,5,12),(194,'サイコビリー','220',1,5,12),(195,'撫子メタル','150',1,5,12),(196,'アニマルミニマル','160',1,5,12),(197,'カラーフュージョン','150',1,5,12),(198,'ラッキーハードコア','205',1,5,12),(199,'徹頭徹尾 Thrive at Perfect Fourth','178',1,5,12),(200,'Hatcha Metcha Party','200',1,5,12),(201,'√太陽系◎ドーナツ化計画∞∀∞','190',1,5,12),(202,'僕らの旅はどこまでも','110-220',1,5,12),(203,'メガネロック','190',1,6,12),(204,'フォレストスノウ','70-125',1,6,12),(205,'ドラムステップ','180',1,6,12),(206,'フィーバーヒーロー','158-316',1,7,12),(207,'タブランベースREMIX','161',1,7,12),(208,'陣旗プログレッシブ','92-162',1,3,13),(209,'トランスランス','158-180',1,4,13),(210,'暴レ焔','164',1,4,13),(211,'シンフォニックメタル','185',1,4,13),(212,'リンセイ','164',1,4,13),(213,'カイゾク','160',1,4,13),(214,'ロックビリー','274',1,4,13),(215,'コアダストビート','177',1,4,13),(216,'ルーニックエア','126',1,4,13),(217,'フィーバーロボREMIX','163',1,4,13),(218,'あやかしロック','228',1,4,13),(219,'煌-灼熱の裁き-','202',1,4,13),(220,'黒点','154',1,5,13),(221,'曼珠沙華','91～182',1,5,13),(222,'朱と碧のランページ','178',1,5,13),(223,'浪漫歌謡','158',1,5,13),(224,'バトルダンス','100-155',1,5,13),(225,'グリーニング','146',1,5,13),(226,'シンフォノベーティブロック','120～180',1,5,13),(227,'ワールドツアー2','72-150',1,5,13),(228,'コンテンポラリーネイション3','150',1,5,13),(229,'キルト','178',1,5,13),(230,'アジアンコンチェルトREMIX','160',1,5,13),(231,'ハイコア','190',1,5,13),(232,'ハッピーサッドコア','188',1,5,13),(233,'Habits','162',1,5,13),(234,'INFINITY','172',1,5,13),(235,'メタリックサーガ','104-150',1,6,13),(236,'シュピーゲル','157',1,6,13),(237,'draw!!!!','157',1,6,13),(238,'ハンズアップ','149',1,6,13),(239,'ハイパーファンタジア','165',1,6,13),(240,'エピックポエトリー','137-165',1,6,13),(241,'ポップコーンパーティー','240',1,6,13),(242,'Strobe Girl','190',1,6,13),(243,'蒼が消えるとき','162',1,6,13),(244,'ほしのつくりかた','180',1,6,13),(245,'ハイパーJパーティーロック','175',1,7,13),(246,'ハイパーJポップ3(1/6billionth)','145',1,4,14),(247,'モンゴル','67-148',1,4,14),(248,'エンシャントユーロ','156',1,4,14),(249,'アンセムトランスREMIX','140',1,4,14),(250,'神曲','140-152',1,4,14),(251,'ヴァルキリーブレイクス','165',1,4,14),(252,'お米タル','190',1,4,14),(253,'ビジュアル(月光蝶)','109-218',1,4,14),(254,'乾坤一擲','193',1,5,14),(255,'HADROS GALE','193',1,5,14),(256,'千年ノ理','153',1,5,14),(257,'憂恋☆アクティベーション','150',1,5,14),(258,'ヨーロピアンブレイクコア','100-180',1,5,14),(259,'エレジィ','167-210',1,5,14),(260,'ねぶた','140',1,5,14),(261,'禅ジャズ','208-290',1,5,14),(262,'未来派','160',1,5,14),(263,'デスロック','165',1,5,14),(264,'モンゴルREMIX','110-152',1,5,14),(265,'土木ロック','85-170',1,5,14),(266,'ストライフ','180',1,5,14),(267,'ピラミッドREMIX','70-225',1,5,14),(268,'ポータブルポップ','212',1,5,14),(269,'Who done it?!','246',1,6,14),(270,'モフポップ ポプコネ','187',1,6,14),(271,'ガールズロック(BRE∀K DOWN!)','190',1,6,14),(272,'ラブリーくのいちポップ','165',1,6,14),(273,'プリティ雅','196',1,6,14),(274,'Struggle','180',1,6,14),(275,'VERSUS!!','187-280',1,6,14),(276,'ひまわりと散歩道','180-230',1,6,14),(277,'ハッピーハードコア(Sakura Sunrise)','181',1,7,14),(278,'レトロスペクティビリー・メリーゴーランド','180',1,7,14),(279,'キョウゲキ','60-180',1,8,14),(280,'必殺スパイ','120-153',1,8,14),(281,'DDR','65-333',1,3,15),(282,'クラシック4','179',2,3,15),(283,'オイパンク','200',1,3,15),(284,'ジャパメタ(Craze for You)','166-333',1,4,15),(285,'レーシング','170-300',1,4,15),(286,'ヴァイオリンプログレッシブ','128',1,4,15),(287,'SPEED KING ON FIRE','130',1,5,15),(288,'水月鏡花のコノテーション','185',1,5,15),(289,'TOXIC VIBRATION','197',1,5,15),(290,'零と弌の鍵の唄','178',1,5,15),(291,'フロウビート','184-188',1,5,15),(292,'ブルームフュージョン','144',1,5,15),(293,'ヒップロック4','171',1,5,15),(294,'ケンドーロック','176',1,5,15),(295,'ヴィジュアル4','184',1,5,15),(296,'J-ロックΦNEW','174',1,5,15),(297,'ツインヒーロー','162-172',1,5,15),(298,'流星RAVE REMIX','148',1,5,15),(299,'悪魔城ドラキュラSLOT2','135',1,5,15),(300,'一生涯パンク','150-186',1,5,15),(301,'悪魔城ドラキュラSLOT3','174',1,5,15),(302,'エモーショナルデュオ','200',1,5,15),(303,'乙女繚乱 舞い咲き誇れ','210',1,5,15),(304,'オービタリックレボリューション','160',1,5,15),(305,'蒼い弓箭','164',1,5,15),(306,'ラピストリアの約束','186',1,5,15),(307,'滅亡天使 † にこきゅっぴん','200',1,6,15),(308,'乱れた風紀に天罰を','220?',1,6,15),(309,'歌劇 月夜のアラビア','158',1,6,15),(310,'青春剛速球メタル','180',1,6,15),(311,'ファンタジアフュージョン','135',1,6,15),(312,'ハイパーロッケンローレ','179',1,6,15),(313,'太極拳','85-137',1,6,15),(314,'ハッピーキュートコア','174',1,6,15),(315,'浪速っ子ブギ','186',1,6,15),(316,'トイコンテンポラリー','187',2,6,15),(317,'マダーロック','120',1,6,15),(318,'年号ロック','156',1,6,15),(319,'ハイパージャパネスク3','85-170',1,6,15),(320,'メカニカルジャズ','170',1,6,15),(321,'コンビニサーガ','178',1,6,15),(322,'フロンティア','142',1,6,15),(323,'ジュブナイルロック','197',1,6,15),(324,'地の記 獄編','174',1,6,15),(325,'ハイパージャパネスク','171',1,7,15),(326,'ラウドビーチ','120-180',1,7,15),(327,'デジタルロック','250',1,7,15),(328,'セツナトリップ','145',1,7,15),(329,'ウィザウチュナイ-クアトロ-','157',1,8,15),(330,'モッズ','170',2,9,15),(331,'応援歌','140',1,10,15),(332,'クラシック10','50-200',1,3,16),(333,'ターバン','178',1,4,16),(334,'ヒップロック2','156-240',1,4,16),(335,'エンカREMIX','139',1,4,16),(336,'ネジロック','100-170',1,4,16),(337,'ドリームゲイザー','174',1,4,16),(338,'スケールアウト','100-173',2,5,16),(339,'哀愁ユーロ','156',1,5,16),(340,'トランス(Colors)','150',1,5,16),(341,'サイケデリックトランス','150',1,5,16),(342,'撫子ロック','163',1,5,16),(343,'ウェルフェア','139',1,5,16),(344,'黒船ファンク','160',1,5,16),(345,'一揆','250',1,5,16),(346,'あさきの刺激ロック','126',1,5,16),(347,'テクノポップ(321 STARS)','192',1,6,16),(348,'エレクトリックマヌーシュスウィング','145',1,6,16),(349,'ミクスチャー','116',1,6,16),(350,'エレクトロショック','164',1,6,16),(351,'インフィニティ','142',1,6,16),(352,'ラフロック','190',1,6,16),(353,'ファンキーコタ','187',1,6,16),(354,'フルーフ','70-124',1,6,16),(355,'スノーウィーコア','196',1,6,16),(356,'春風ブローインウィンド','160',1,6,16),(357,'スカーレット','175',1,6,16),(358,'ケルト','110',1,7,16),(359,'敬老パンク','89-356',2,7,16),(360,'オラトリオ','170',1,7,16),(361,'フォークロック','125-127',1,7,16),(362,'J-ハードダンス','155',1,7,16),(363,'ハードルネッサンス','212',2,7,16),(364,'ムーンコア','185',1,7,16),(365,'ジャッジメント','185',2,7,16),(366,'華陽炎-Hana Kagerou-','85-195',1,7,16),(367,'ウィザウチュナイ-ペンデ-','165',1,7,16),(368,'チアパラ','142',1,8,16),(369,'リトルロック','175',1,8,16),(370,'スプリングテクノ','150',1,8,16),(371,'ラヴリーパラダイスチューン','180',1,9,16),(372,'トイボックス','70-180',1,9,16),(373,'ネガメロック','192',2,10,16),(374,'キャバレー','70',1,8,16),(375,'エモーショナル','150',1,8,16),(376,'プログレッシブ(V)','150',2,8,16),(377,'スターヒーロー','150',1,8,16),(378,'キャンディレイヴ(smooooch・∀・)','177',1,8,16),(379,'万葉歌','170',1,8,16),(380,'アメポップ','180',1,8,16),(381,'ハッピーハードコア(STAR SHIP★HERO)','190',1,9,16),(382,'ボールヅアウトロック','181',2,9,16),(383,'バブルガムダンス','140',1,9,16),(384,'QuoN','168',2,9,16),(385,'ヘイ!ヘイ!Bay ~ボクらの夏にサマー☆ウェイヴ~','50-168',1,9,16),(386,'ハイスピードラブソング','180',1,10,16),(387,'じょいふる','159',1,10,16),(388,'J-ロック(Romance)','206',1,4,17),(389,'ロックギター','144',1,5,17),(390,'ジャズ・アリア','144-216',1,5,17),(391,'アフロパーカッションパーティー','190',1,5,17),(392,'スクリーン','379',2,5,17),(393,'ハイテンションギャルロック','210',1,6,17),(394,'ポップン体操','8-200',1,6,17),(395,'ロッテルダムテクノ(rottel-da-sun)','199',1,6,17),(396,'ガールズロックエクストリーム(チカラ)','185',1,6,17),(397,'クリスマスプレゼント','70-180',1,6,17),(398,'エレメンタルジグ','137-205',1,6,17),(399,'エレクトロスウィング','105-145',1,6,17),(400,'レトロフューチャーREMIX','151-152',1,6,17),(401,'バイオテクノ','211-215',1,6,17),(402,'ダージュ','165-188',2,7,17),(403,'アリプロ(愛と誠)','140',1,7,17),(404,'スピットロック','150',1,7,17),(405,'テツドウ','120',1,7,17),(406,'ホウノウダイコ','145',1,7,17),(407,'メロコアG','162',1,7,17),(408,'ハイパージャパネスク2','160',1,7,17),(409,'デスナワ','130-170',1,7,17),(410,'チキンハート','158',1,7,17),(411,'コスモドライブ','188',1,7,17),(412,'チッピンレイヴ','175',1,7,17),(413,'KARAKARA','188',1,7,17),(414,'ジュエリーロック','173',1,8,17),(415,'アートコア','186',2,8,17),(416,'C18H27NO3','210',2,8,17),(417,'Shock Me','218',1,8,17),(418,'うさぬこぬんぬんファンタジー！','160',1,8,17),(419,'イークリニック','168',1,9,17),(420,'パティスリーポップ','194',1,9,17),(421,'シンフォニックテクノ','151',1,9,17),(422,'運命のパラドックス','190',1,9,17),(423,'コンテンポラリーネイション2','111',2,10,17),(424,'必殺スパイ','120-153',2,13,17),(425,'アスレチックブギー','248',1,4,16),(426,'スカ(Cassandra)','68-192',1,5,16),(427,'エレクトリカルパレード(BAROQUE HOEDOWN)','120',1,5,16),(428,'トライバルポップ','125',1,5,16),(429,'ヴイエスサウンド','155',1,5,16),(430,'ハイパーJ－ロック(brave!)','180',1,5,16),(431,'ラウドミクスチャー＆ラガ','182',1,5,16),(432,'レディースメタル','178',1,5,16),(433,'デモンズメタル','135-167',1,5,16),(434,'ケマリ','136',1,5,16),(435,'On Your Mark','183',1,6,16),(436,'哀愁スカ','176',1,6,16),(437,'ガールズロック(☆shining☆)','185',1,6,16),(438,'ロービットサンプリング','180',1,6,16),(439,'スペースワルツ','101-236',1,6,16),(440,'デスボサ','155',1,6,16),(441,'モフロック','170',1,6,16),(442,'ファッシネイション','149',1,6,16),(443,'メロディックスピード','222?',1,6,16),(444,'コンテンポラリーネイション4','100',1,6,16),(445,'戦場のアップデート','147',1,6,16),(446,'KHAMEN BREAK','180',1,6,16),(447,'Symsonic Breeze','170',1,6,16),(448,'フラワーポップREMIX','190',1,6,16),(449,'ガールズロマンスポップ','188',1,7,16),(450,'ハッピーラブゲイザー','188',1,7,16),(451,'華恋ロック','142',1,7,16),(452,'エモ','185',1,7,16),(453,'ヒップロックREMIX','142-170',1,7,16),(454,'ホンコンユーロ','150',1,7,16),(455,'FMポップ','160',1,7,16),(456,'バトルシンフォニー','175',1,7,16),(457,'ファルシオン','200',1,7,16),(458,'エレゴスREMIX','173',1,7,16),(459,'ムラクモ','140',2,7,16),(460,'グラヴィオール','90-182',2,7,16),(461,'テックトランス','187',1,7,16),(462,'ロマスウィング','140',1,7,16),(463,'Baby Sherry','148',1,7,16),(464,'Harmonia','177',1,7,16),(465,'エンジェリオン','105-172',2,8,16),(466,'ロープレバトル','140-143',1,8,16),(467,'メロパンク','120-168',1,5,17),(468,'JV-ROCK(洟・月・奇蹟)','170',1,5,17),(469,'エージビート','110',1,5,17),(470,'パーカッシヴ2','124?',1,5,17),(471,'スウィングラテ','186',1,5,17),(472,'グラディウス','160-220',1,6,17),(473,'アリプロ2(暗黒サイケデリック)','135',1,6,17),(474,'ヒートアップ','149',1,6,17),(475,'エモクトロ','210',1,6,17),(476,'ハイスピード幻想チューン','179',1,6,17),(477,'プラチナムファンタジア','210',1,6,17),(478,'桃ヴィジュアル','118',1,6,17),(479,'デスレゲエ','102-205',2,7,17),(480,'キャンディポップ','180',1,7,17),(481,'ガバ','185',1,7,17),(482,'フォールスメルヘン','145-220',1,7,17),(483,'アジアンレイヴ','180',1,7,17),(484,'クラウンパンク','198',1,7,17),(485,'キューティーエレポップ','146',1,7,17),(486,' チョコレートスマイル','196',1,7,17),(487,'トランスユーロREMIX','154',1,7,17),(488,'てくのほそみち','110-220',1,7,17),(489,'スーパースプラッシュチューン','195',1,7,17),(490,'Realize Maze','149',1,7,17),(491,'ブラッドメタル','198',2,8,17),(492,'キネマ2','62-101',1,8,17),(493,'デスコラップ','80-160',1,8,17),(494,'ストリートチューン','284',1,8,17),(495,'エピローグ','65-146',1,8,17),(496,'トゥインクルポップ','188',1,8,17),(497,'ウルトラ90’s','124',1,8,17),(498,'幻想系世界修復少女','193',1,8,17),(499,'禅ジャズ','290',2,9,17),(500,'Metamorphose','201',2,9,17),(501,'パンク(そっと。)','290',1,9,17),(502,'ガールズオルタナティブコア','145-175',2,12,17);
/*!40000 ALTER TABLE `main_music` ENABLE KEYS */;
UNLOCK TABLES;

--
-- Table structure for table `main_sran_level`
--

DROP TABLE IF EXISTS `main_sran_level`;
/*!40101 SET @saved_cs_client     = @@character_set_client */;
/*!40101 SET character_set_client = utf8 */;
CREATE TABLE `main_sran_level` (
  `id` int(11) NOT NULL AUTO_INCREMENT,
  `level` int(11) NOT NULL,
  PRIMARY KEY (`id`)
) ENGINE=InnoDB AUTO_INCREMENT=18 DEFAULT CHARSET=utf8;
/*!40101 SET character_set_client = @saved_cs_client */;

--
-- Dumping data for table `main_sran_level`
--

LOCK TABLES `main_sran_level` WRITE;
/*!40000 ALTER TABLE `main_sran_level` DISABLE KEYS */;
INSERT INTO `main_sran_level` VALUES (1,17),(2,16),(3,15),(4,14),(5,13),(6,12),(7,11),(8,10),(9,9),(10,8),(11,7),(12,6),(13,5),(14,4),(15,3),(16,2),(17,1);
/*!40000 ALTER TABLE `main_sran_level` ENABLE KEYS */;
UNLOCK TABLES;

--
-- Table structure for table `social_auth_association`
--

DROP TABLE IF EXISTS `social_auth_association`;
/*!40101 SET @saved_cs_client     = @@character_set_client */;
/*!40101 SET character_set_client = utf8 */;
CREATE TABLE `social_auth_association` (
  `id` int(11) NOT NULL AUTO_INCREMENT,
  `server_url` varchar(255) NOT NULL,
  `handle` varchar(255) NOT NULL,
  `secret` varchar(255) NOT NULL,
  `issued` int(11) NOT NULL,
  `lifetime` int(11) NOT NULL,
  `assoc_type` varchar(64) NOT NULL,
  PRIMARY KEY (`id`)
) ENGINE=InnoDB DEFAULT CHARSET=utf8;
/*!40101 SET character_set_client = @saved_cs_client */;

--
-- Dumping data for table `social_auth_association`
--

LOCK TABLES `social_auth_association` WRITE;
/*!40000 ALTER TABLE `social_auth_association` DISABLE KEYS */;
/*!40000 ALTER TABLE `social_auth_association` ENABLE KEYS */;
UNLOCK TABLES;

--
-- Table structure for table `social_auth_code`
--

DROP TABLE IF EXISTS `social_auth_code`;
/*!40101 SET @saved_cs_client     = @@character_set_client */;
/*!40101 SET character_set_client = utf8 */;
CREATE TABLE `social_auth_code` (
  `id` int(11) NOT NULL AUTO_INCREMENT,
  `email` varchar(254) NOT NULL,
  `code` varchar(32) NOT NULL,
  `verified` tinyint(1) NOT NULL,
  PRIMARY KEY (`id`),
  UNIQUE KEY `social_auth_code_email_801b2d02_uniq` (`email`,`code`),
  KEY `social_auth_code_c1336794` (`code`)
) ENGINE=InnoDB DEFAULT CHARSET=utf8;
/*!40101 SET character_set_client = @saved_cs_client */;

--
-- Dumping data for table `social_auth_code`
--

LOCK TABLES `social_auth_code` WRITE;
/*!40000 ALTER TABLE `social_auth_code` DISABLE KEYS */;
/*!40000 ALTER TABLE `social_auth_code` ENABLE KEYS */;
UNLOCK TABLES;

--
-- Table structure for table `social_auth_nonce`
--

DROP TABLE IF EXISTS `social_auth_nonce`;
/*!40101 SET @saved_cs_client     = @@character_set_client */;
/*!40101 SET character_set_client = utf8 */;
CREATE TABLE `social_auth_nonce` (
  `id` int(11) NOT NULL AUTO_INCREMENT,
  `server_url` varchar(255) NOT NULL,
  `timestamp` int(11) NOT NULL,
  `salt` varchar(65) NOT NULL,
  PRIMARY KEY (`id`),
  UNIQUE KEY `social_auth_nonce_server_url_f6284463_uniq` (`server_url`,`timestamp`,`salt`)
) ENGINE=InnoDB DEFAULT CHARSET=utf8;
/*!40101 SET character_set_client = @saved_cs_client */;

--
-- Dumping data for table `social_auth_nonce`
--

LOCK TABLES `social_auth_nonce` WRITE;
/*!40000 ALTER TABLE `social_auth_nonce` DISABLE KEYS */;
/*!40000 ALTER TABLE `social_auth_nonce` ENABLE KEYS */;
UNLOCK TABLES;

--
-- Table structure for table `social_auth_usersocialauth`
--

DROP TABLE IF EXISTS `social_auth_usersocialauth`;
/*!40101 SET @saved_cs_client     = @@character_set_client */;
/*!40101 SET character_set_client = utf8 */;
CREATE TABLE `social_auth_usersocialauth` (
  `id` int(11) NOT NULL AUTO_INCREMENT,
  `provider` varchar(32) NOT NULL,
  `uid` varchar(255) NOT NULL,
  `extra_data` longtext NOT NULL,
  `user_id` int(11) NOT NULL,
  PRIMARY KEY (`id`),
  UNIQUE KEY `social_auth_usersocialauth_provider_e6b5e668_uniq` (`provider`,`uid`),
  KEY `social_auth_usersocialau_user_id_17d28448_fk_users_customuser_id` (`user_id`),
  CONSTRAINT `social_auth_usersocialau_user_id_17d28448_fk_users_customuser_id` FOREIGN KEY (`user_id`) REFERENCES `users_customuser` (`id`)
) ENGINE=InnoDB AUTO_INCREMENT=76 DEFAULT CHARSET=utf8;
/*!40101 SET character_set_client = @saved_cs_client */;

--
-- Dumping data for table `social_auth_usersocialauth`
--

LOCK TABLES `social_auth_usersocialauth` WRITE;
/*!40000 ALTER TABLE `social_auth_usersocialauth` DISABLE KEYS */;
INSERT INTO `social_auth_usersocialauth` VALUES (1,'twitter','3281762382','{\"id\": 3281762382, \"access_token\": {\"user_id\": \"3281762382\", \"oauth_token\": \"3281762382-G4FCjii8IiVZU3OjsojQnD1bZbeUwzswZIN2foZ\", \"screen_name\": \"darum1system\", \"x_auth_expires\": \"0\", \"oauth_token_secret\": \"ZekO2w6kqy4OEtqcnCBuqNgayuVgYniDA3DrTXnAntBbN\"}}',2),(2,'twitter','2277598496','{\"access_token\": {\"oauth_token\": \"2277598496-PeBFsx8OcI9SPPZUES1yXmw2UnjmrROyWFQNTfe\", \"user_id\": \"2277598496\", \"oauth_token_secret\": \"PvNUKBTS1d6g2Y2I5vMFl91LnFqxQP3uGOnKf9t2uqzxg\", \"x_auth_expires\": \"0\", \"screen_name\": \"lvsn_popn\"}, \"id\": 2277598496}',3),(3,'twitter','3152586553','{\"access_token\": {\"oauth_token\": \"3152586553-X3MBI9aK8br6M7Rj4B9blKu7heDLC9ZbeAHWQS7\", \"user_id\": \"3152586553\", \"oauth_token_secret\": \"yDPw9zQfyt0xzwI37o6nHxXook4ws1jZEGiBxoUZLq76S\", \"x_auth_expires\": \"0\", \"screen_name\": \"Lilian_Student\"}, \"id\": 3152586553}',4),(4,'twitter','436617021','{\"access_token\": {\"oauth_token\": \"436617021-fUUW53pD6Uk7uXVstEUkAL8dmtT0GjBnPVZgavOP\", \"user_id\": \"436617021\", \"oauth_token_secret\": \"vilbE0SkdDUrwlS0XpHFVmCaMoJ5BBQwJZcgJCMcd2K1U\", \"x_auth_expires\": \"0\", \"screen_name\": \"K_yu_ka3523\"}, \"id\": 436617021}',5),(5,'twitter','2794575515','{\"access_token\": {\"oauth_token\": \"2794575515-9DOHpACfO8qSCNULxyiu1PxEdROrlfT6JJWZftN\", \"user_id\": \"2794575515\", \"oauth_token_secret\": \"gRQKSfxdrCC16VT9sOV8415ePYlVEbeYKmiITEQ8fA5zt\", \"x_auth_expires\": \"0\", \"screen_name\": \"ono_downtown\"}, \"id\": 2794575515}',6),(6,'twitter','30864745','{\"access_token\": {\"oauth_token\": \"30864745-RU9oLex2RviCtVjMJvcQzPKmpT2rfBbL7i9tMH7Nm\", \"user_id\": \"30864745\", \"oauth_token_secret\": \"kVTdLRdcyEHnEATApaA78irtzoAt8uync6oFZoMEm2jJt\", \"x_auth_expires\": \"0\", \"screen_name\": \"CiaNostal\"}, \"id\": 30864745}',7),(7,'twitter','111727508','{\"access_token\": {\"oauth_token\": \"111727508-IxaaLEKV4YmhlgzcCNGQbBAWJ5pza7XrmK6fyI67\", \"user_id\": \"111727508\", \"oauth_token_secret\": \"mJ1JBKZsP5qPZlc7pJrvEBh6uaWcroKyE70AXuQjKaTMM\", \"x_auth_expires\": \"0\", \"screen_name\": \"cient324\"}, \"id\": 111727508}',8),(8,'twitter','1178073301','{\"access_token\": {\"oauth_token\": \"1178073301-G9xYHFGhaVXOWz0J6glz6T5zVRgYHb5tMqWWeYx\", \"user_id\": \"1178073301\", \"oauth_token_secret\": \"gYnyyNCBEvYv0e6sIMDniVZ2uSah2HVcrV8svzAIrfFJP\", \"x_auth_expires\": \"0\", \"screen_name\": \"ng_tmt\"}, \"id\": 1178073301}',9),(9,'twitter','2882343265','{\"access_token\": {\"oauth_token\": \"2882343265-hEs7kyk2qXTOEQWvgPpenuGaMi5xXtge8XSHR0O\", \"user_id\": \"2882343265\", \"oauth_token_secret\": \"cqUivySbZvIwVlyMmyM3W9F4wF0llZ7baVpaksdudwMKT\", \"x_auth_expires\": \"0\", \"screen_name\": \"GanmenSrandesu\"}, \"id\": 2882343265}',10),(10,'twitter','82674818','{\"access_token\": {\"oauth_token\": \"82674818-ipAGBdIbmOAo8ssuHnPTNpFl3ACwUdHaJuMhjjCmB\", \"user_id\": \"82674818\", \"oauth_token_secret\": \"EYzA5EYDNsgVG7Xkjfky4QPA5wCdf8CELDNrcSTV5N6y9\", \"x_auth_expires\": \"0\", \"screen_name\": \"xlazulite\"}, \"id\": 82674818}',11),(11,'twitter','155968364','{\"access_token\": {\"oauth_token\": \"155968364-01gssE0cU2pAyi4Dd7iJCMhZHma1NlWkmipchov9\", \"user_id\": \"155968364\", \"oauth_token_secret\": \"xeWa1fQeDQqF591yNlPXSBBvGicMKX5kgkZZwttub6OCk\", \"x_auth_expires\": \"0\", \"screen_name\": \"kassi2nd\"}, \"id\": 155968364}',12),(12,'twitter','165038194','{\"access_token\": {\"oauth_token\": \"165038194-GclPRQJHYoGzULDMEjRqlbTWOdxyWy4lty1arhYU\", \"user_id\": \"165038194\", \"oauth_token_secret\": \"GAn7NnsrsqOIeqjotrz7RytJqqTYP2TFllrT7gKO4gRgA\", \"x_auth_expires\": \"0\", \"screen_name\": \"parfait_0112\"}, \"id\": 165038194}',13),(13,'twitter','168125222','{\"access_token\": {\"oauth_token\": \"168125222-kZttlCRLtTKSdFFlxZMtyaciW1flXaArVv1CREbY\", \"user_id\": \"168125222\", \"oauth_token_secret\": \"VrZnDEa2SKPDEZh6v4uDw71lezBTCNr58hfjPnuvHCHEw\", \"x_auth_expires\": \"0\", \"screen_name\": \"odn_Hoshi\"}, \"id\": 168125222}',14),(14,'twitter','386454692','{\"access_token\": {\"oauth_token\": \"386454692-hOIrkZfkP9pl2GBAgg0vGnR5TXZ60si6cw98pUXt\", \"user_id\": \"386454692\", \"oauth_token_secret\": \"gAykhaN1vtPgWtdlZUk1ReGC1x8Kn2c94Xmo2XjyTadKc\", \"x_auth_expires\": \"0\", \"screen_name\": \"DesROWlove\"}, \"id\": 386454692}',15),(15,'twitter','144035106','{\"access_token\": {\"oauth_token\": \"144035106-i2BSXgyLB6ZGYEuXXMteeakQXEb6s9YUvTKW1Lif\", \"user_id\": \"144035106\", \"oauth_token_secret\": \"ANrz0TAUcPy1wf2aquZ8ZaT0ZmyVhueE0cUS5nUf3MEXw\", \"x_auth_expires\": \"0\", \"screen_name\": \"Remily7588\"}, \"id\": 144035106}',16),(16,'twitter','287783069','{\"access_token\": {\"oauth_token\": \"287783069-VHwEog9eYeCF6VBY3jHWMJZucrSvxIKo1mDqZLWJ\", \"user_id\": \"287783069\", \"oauth_token_secret\": \"PIYZm20wkHDPcSmV6AYGZc5YKY5VdFRcDmWbnOwbWrEXo\", \"x_auth_expires\": \"0\", \"screen_name\": \"p_miasik\"}, \"id\": 287783069}',17),(17,'twitter','1355685962','{\"access_token\": {\"oauth_token\": \"1355685962-DnJfAQHebROEKnqcqs11hrQnc3zT9RxCi97rDJe\", \"user_id\": \"1355685962\", \"oauth_token_secret\": \"sW497at9H6rjPFs9nfPb2rWjojHy4eRLD8Xr2aKa041kZ\", \"x_auth_expires\": \"0\", \"screen_name\": \"hide__1207\"}, \"id\": 1355685962}',18),(18,'twitter','1673197850','{\"access_token\": {\"oauth_token\": \"1673197850-yVlmGP2UKiRTjozUBfZROEFX1cXc56VlFvmcZV8\", \"user_id\": \"1673197850\", \"oauth_token_secret\": \"O4FaTd5FBJSqWrz4q1TGwFWKFMgHTNfp9Kqbnjg3XW5e7\", \"x_auth_expires\": \"0\", \"screen_name\": \"pop_nA414\"}, \"id\": 1673197850}',19),(19,'twitter','376216409','{\"access_token\": {\"oauth_token\": \"376216409-lnOnzIllQ2cUddaYL2xhf0GjhPCpmzfg1isDBvpE\", \"user_id\": \"376216409\", \"oauth_token_secret\": \"pr0QU8zeqpJxyhDi4e2OqMTiV0viyynce7jSygDmizfdG\", \"x_auth_expires\": \"0\", \"screen_name\": \"bombaaan\"}, \"id\": 376216409}',20),(20,'twitter','102400696','{\"access_token\": {\"oauth_token\": \"102400696-8MGtBiZjyme5AanygoLqEcHnPUTvArmnjUiaCWHG\", \"user_id\": \"102400696\", \"oauth_token_secret\": \"Y2VbiTn1EVKamxnXTO6T6VakFczQvYtsIfIenCNxDQX25\", \"x_auth_expires\": \"0\", \"screen_name\": \"para_lime\"}, \"id\": 102400696}',21),(21,'twitter','813400717','{\"access_token\": {\"oauth_token\": \"813400717-L37WtNj3WeGfmK9aYH2rQviEm1LmsL14ZLwDreFw\", \"user_id\": \"813400717\", \"oauth_token_secret\": \"8qKHcHd4i4yUFP231jTc6laAZ2wxUkJFLdD041AA4HQux\", \"x_auth_expires\": \"0\", \"screen_name\": \"radioforest239\"}, \"id\": 813400717}',22),(22,'twitter','794037894','{\"access_token\": {\"oauth_token\": \"794037894-AnpvA0AuVA87oQ4VTlgb4Gz5ZL7k7epA9DHoxXgN\", \"user_id\": \"794037894\", \"oauth_token_secret\": \"ZKAmIlmcIKRsVuHXRziioP80dTOWxPoJBYLB7P3RYsW1I\", \"x_auth_expires\": \"0\", \"screen_name\": \"kazupopncard\"}, \"id\": 794037894}',23),(23,'twitter','70960341','{\"access_token\": {\"oauth_token\": \"70960341-Mvb2rMRCZiPpPbpD6CM8r1AFDQRbq5l3ahwCDueYQ\", \"oauth_token_secret\": \"FdKB872OIfD8vOBzsSSHFfINuBNSUfINLo2hyUCTbGsmu\", \"x_auth_expires\": \"0\", \"user_id\": \"70960341\", \"screen_name\": \"shamcat2706\"}, \"id\": 70960341}',24),(24,'twitter','2912780888','{\"access_token\": {\"oauth_token\": \"2912780888-TZpA3bLo59vuKyAum20wSYVDTUn0rSWPxIeKbWu\", \"oauth_token_secret\": \"YP8dAONvYtjuM2C0CTYBxWMw5OS1elz0D1bpQ1UwcwbWy\", \"x_auth_expires\": \"0\", \"user_id\": \"2912780888\", \"screen_name\": \"samidare_mind\"}, \"id\": 2912780888}',25),(25,'twitter','2373918708','{\"access_token\": {\"oauth_token\": \"2373918708-DY3HZgd6ywTWC2R4YRCvLpTrQo31N2iqY8JJye8\", \"oauth_token_secret\": \"8oJBRnXQdNpQatOlZxSAWWkttBjUtSTvMH9ZBP8giZ4PY\", \"x_auth_expires\": \"0\", \"user_id\": \"2373918708\", \"screen_name\": \"2_tman\"}, \"id\": 2373918708}',26),(26,'twitter','1032292458','{\"access_token\": {\"oauth_token\": \"1032292458-q0NHH3KXAFbLb44gF8MV89jXkpWUyCPhabIpPRc\", \"oauth_token_secret\": \"821SRPjFEyFGJu7crqbYX2M3C1my9Ibz41iewzSkCbPRU\", \"x_auth_expires\": \"0\", \"user_id\": \"1032292458\", \"screen_name\": \"shi_minona\"}, \"id\": 1032292458}',27),(27,'twitter','706479696381214721','{\"access_token\": {\"oauth_token\": \"706479696381214721-pfRQ4nSufT08pdC2lnqDJJRBMDO1yOD\", \"oauth_token_secret\": \"5EMbpYgWlLWLW5gEdM91xfXkahoETgtaDKy2YXg5GIISB\", \"x_auth_expires\": \"0\", \"user_id\": \"706479696381214721\", \"screen_name\": \"fESBterHXOn7jnq\"}, \"id\": 706479696381214721}',28),(28,'twitter','722936869','{\"access_token\": {\"oauth_token\": \"722936869-Gk7hOtxlzdmpC0m86TvuXI6ClqkbC2FSotJEWPra\", \"oauth_token_secret\": \"xQ9zmlTNhHOQy2aOZhEZLGMelhm5kd3nifsabw9v5FENZ\", \"x_auth_expires\": \"0\", \"user_id\": \"722936869\", \"screen_name\": \"Mr_saipn\"}, \"id\": 722936869}',29),(29,'twitter','1443736338','{\"access_token\": {\"oauth_token\": \"1443736338-1A3ljKpZ6S7oqKfq9oZMDW5V0iodDSeJDScsn54\", \"oauth_token_secret\": \"kwR5iSS51mKjdh1nzywe5ZVlbmSFdD6qu1YV5pg5225CA\", \"x_auth_expires\": \"0\", \"user_id\": \"1443736338\", \"screen_name\": \"katasutoru100\"}, \"id\": 1443736338}',30),(30,'twitter','187101483','{\"access_token\": {\"oauth_token\": \"187101483-tTV24p9WRUdMS7Ld2aLFbbQKmqZOxiiaaAk7IZ8n\", \"oauth_token_secret\": \"Z9B1IRrkmXZqEuPLQWqD4brBLlLyeM0Zy6lV0PAGYlHz0\", \"x_auth_expires\": \"0\", \"user_id\": \"187101483\", \"screen_name\": \"stella_y_k\"}, \"id\": 187101483}',31),(31,'twitter','1476907964','{\"access_token\": {\"oauth_token\": \"1476907964-JARBlj2hdV5Hq44hw38DnglmhBwm2pbMnrIgVpK\", \"oauth_token_secret\": \"UZ6HMAZz7yLjqz61ONQVefLWEfQlt31bkvEDUMgtLgt1O\", \"x_auth_expires\": \"0\", \"user_id\": \"1476907964\", \"screen_name\": \"Hamu0514\"}, \"id\": 1476907964}',32),(32,'twitter','220634559','{\"access_token\": {\"oauth_token\": \"220634559-vdgA86vgHtFtAWG4Yn6SNYN3YRuHDJh0AJwoPJPk\", \"oauth_token_secret\": \"DpBDG5M9nDR6Xj00MkfWOH7hc2sgHBg1Iq8Ri1hkboOyH\", \"x_auth_expires\": \"0\", \"user_id\": \"220634559\", \"screen_name\": \"lunar_b\"}, \"id\": 220634559}',33),(33,'twitter','2270523709','{\"access_token\": {\"oauth_token\": \"2270523709-GDx0t1guOzoQMu4v9VvqTkcBusbPnQdqWn2E6Wq\", \"oauth_token_secret\": \"nIT7OdH3eZUtjgLTkGTsR2FcQY4nHwASaxJjxrYMWyLqF\", \"x_auth_expires\": \"0\", \"user_id\": \"2270523709\", \"screen_name\": \"Hamu0514_k\"}, \"id\": 2270523709}',34),(34,'twitter','52041150','{\"access_token\": {\"oauth_token\": \"52041150-MdZWzWDfjgLN3i9jA95Mg04Wg9ZfOAfnVFfXoPe80\", \"oauth_token_secret\": \"J6p6GCl71Eaq1VhxyXm6AB67NiXh4iGTQCC0flcPQPXNE\", \"x_auth_expires\": \"0\", \"user_id\": \"52041150\", \"screen_name\": \"galaxy_forest\"}, \"id\": 52041150}',35),(35,'twitter','824436744','{\"access_token\": {\"oauth_token\": \"824436744-NseZIEDiVpnbbQdlnP2jXgrQajXmboG9GVZ2iBYo\", \"oauth_token_secret\": \"blhdJBYAQuqrNI5C0Dx9TAMEoang0l61qPBoq11uHWGNf\", \"x_auth_expires\": \"0\", \"user_id\": \"824436744\", \"screen_name\": \"inaba_popn\"}, \"id\": 824436744}',36),(36,'twitter','105499665','{\"access_token\": {\"oauth_token\": \"105499665-UQBj8XCLDR6Mf1xpIs9UFg37I1PuRTgpEzNVcjFV\", \"oauth_token_secret\": \"ZOApmUDy98A8N5tmLLW8Un7TB5SiLBB1cOZNDpIcK43T7\", \"x_auth_expires\": \"0\", \"user_id\": \"105499665\", \"screen_name\": \"yumas_sukisugi\"}, \"id\": 105499665}',37),(37,'twitter','277406681','{\"access_token\": {\"oauth_token\": \"277406681-X0BzI40Fqf5B3o8jFbd9paculUhgVvts8fiQMq89\", \"oauth_token_secret\": \"kqPPuQ80NtICEwQJ6tYXZgdDtp5nBZQtiXs66UbpMe26V\", \"x_auth_expires\": \"0\", \"user_id\": \"277406681\", \"screen_name\": \"oyazi5000\"}, \"id\": 277406681}',38),(38,'twitter','487564358','{\"access_token\": {\"oauth_token\": \"487564358-NH1pfQfdmzG5Ipc5qSii2rurZ8NjqoFyKtRLsJWf\", \"oauth_token_secret\": \"PtoJYfAa7ct4YOl0hxV7rdgRI73YroB1GtcSRVVlskmW3\", \"x_auth_expires\": \"0\", \"user_id\": \"487564358\", \"screen_name\": \"RIN_1108\"}, \"id\": 487564358}',39),(39,'twitter','2457588829','{\"access_token\": {\"oauth_token\": \"2457588829-M5SOxrzPbzqKXscjVcm8B7xwsQUDNzHiAoSm9C6\", \"oauth_token_secret\": \"iJtDtp0vHQDTfqO0ANqvtkuJwIHupkomi6zuJIbkYafg4\", \"x_auth_expires\": \"0\", \"user_id\": \"2457588829\", \"screen_name\": \"koch_neB\"}, \"id\": 2457588829}',40),(40,'twitter','3257952776','{\"access_token\": {\"oauth_token\": \"3257952776-qX0KexnOZMb2msLGbCGQkOJBcHFXsLdmHSpVxip\", \"oauth_token_secret\": \"DDvncZ890tAFG2j1SBIMB7EGdrephG3fmjZqFGHbci8PF\", \"x_auth_expires\": \"0\", \"user_id\": \"3257952776\", \"screen_name\": \"_9_otoge\"}, \"id\": 3257952776}',41),(41,'twitter','315693615','{\"access_token\": {\"oauth_token\": \"315693615-mJaTS7PboudNznRCz0J5OBR6nkLcufbesPv9MrAv\", \"oauth_token_secret\": \"tQT5YESHY7csMokeP69ii41ZnIMOv5fnITcn8dg8Tdqsw\", \"x_auth_expires\": \"0\", \"user_id\": \"315693615\", \"screen_name\": \"Gulpining\"}, \"id\": 315693615}',42),(42,'twitter','452667532','{\"access_token\": {\"oauth_token\": \"452667532-L1ROi1A0bbjo8ZtpicOnaIcOVcv7v5PSTvTkMGfr\", \"oauth_token_secret\": \"8nBWZKdYmgxGQZ319ljk9F9C2krNbEE9dQsBGuHE6jfG7\", \"x_auth_expires\": \"0\", \"user_id\": \"452667532\", \"screen_name\": \"nyd8\"}, \"id\": 452667532}',43),(43,'twitter','208611910','{\"access_token\": {\"oauth_token\": \"208611910-FPchPL8FKkdx46lQT9lHIIBLFchab6XlWdttZuVH\", \"oauth_token_secret\": \"lPYX7l7H45zhW63cMXXPXRigvAnxogbINkB5Yras8tUq1\", \"x_auth_expires\": \"0\", \"user_id\": \"208611910\", \"screen_name\": \"DJ_Parsee\"}, \"id\": 208611910}',44),(44,'twitter','1379350087','{\"access_token\": {\"oauth_token\": \"1379350087-JrvDpEjjD4cO92hCBfmeyNPS60olPzINtEZWfMP\", \"oauth_token_secret\": \"r3VsMSMI5WW8nihHsfzE0JuETSN1If3lF98atPbf9tmHN\", \"x_auth_expires\": \"0\", \"user_id\": \"1379350087\", \"screen_name\": \"R_l___a\"}, \"id\": 1379350087}',45),(45,'twitter','1543392858','{\"access_token\": {\"oauth_token\": \"1543392858-Bqh0SxcVWXLFPHHlJzNBu71U1ckAYml2iuawcrF\", \"oauth_token_secret\": \"2nTefaUBkxXZL0hZLCJrDwct7mECLfgsu6LZnJQPjBOfm\", \"x_auth_expires\": \"0\", \"user_id\": \"1543392858\", \"screen_name\": \"spqf32e9\"}, \"id\": 1543392858}',46),(46,'twitter','2161045957','{\"access_token\": {\"oauth_token\": \"2161045957-8CnP2rTOtnq2e23qxdfiKuR0oiSvVFiRELrNkTM\", \"oauth_token_secret\": \"7MEUuen3hlGgY3aJHOcda2tjxGVVPEHUA4YVVowiwkTP0\", \"x_auth_expires\": \"0\", \"user_id\": \"2161045957\", \"screen_name\": \"nanameruby\"}, \"id\": 2161045957}',47),(47,'twitter','620546596','{\"access_token\": {\"oauth_token\": \"620546596-iG5M0591kkVwvUaTVFcbs7nJWbSl9h12R231LY20\", \"oauth_token_secret\": \"iWzxMeK9jsHJXrtyFLExjdbbfIIULr9MgiOLypuo1Pb3G\", \"x_auth_expires\": \"0\", \"user_id\": \"620546596\", \"screen_name\": \"spaaaku\"}, \"id\": 620546596}',48),(48,'twitter','600288104','{\"access_token\": {\"oauth_token\": \"600288104-auNCzQv2LLEtDt2tzVv1AGpmDVr8hLoWhGJpmduO\", \"oauth_token_secret\": \"CxD8vPr49e9xiqyXiK2Fmhj2rWSO1Ko6XIrIbkXwoiGWl\", \"x_auth_expires\": \"0\", \"user_id\": \"600288104\", \"screen_name\": \"13580_2570\"}, \"id\": 600288104}',49),(49,'twitter','311405518','{\"access_token\": {\"oauth_token\": \"311405518-5k10FRFwdGJqUJDXEg4dyXgWbIdwtQQEdyXcC43f\", \"oauth_token_secret\": \"Erma5xGAQIlzMt1jm6rJEwPii7w6zjGqCWr2duMvwsw5w\", \"x_auth_expires\": \"0\", \"user_id\": \"311405518\", \"screen_name\": \"MOK2_BMS\"}, \"id\": 311405518}',50),(50,'twitter','579224733','{\"access_token\": {\"oauth_token\": \"579224733-5WudvoyAU2DQtQDbEEuwfmoub2405GEnoCYiIV9j\", \"oauth_token_secret\": \"Y48l8VfuO2xDd3GLRihzcHI5zWXBE7H1TrAYnlNiUt0Ma\", \"x_auth_expires\": \"0\", \"user_id\": \"579224733\", \"screen_name\": \"RAIN_squallman\"}, \"id\": 579224733}',51),(51,'twitter','1675803385','{\"access_token\": {\"oauth_token\": \"1675803385-SkU80ooG7QweSR9aZKEvcsKJSd7XLd00Bw5Olvd\", \"oauth_token_secret\": \"LTarqikSpSRVZ3b4KewkEhe9dDOcDpYw1yc4kwn6XIiHA\", \"x_auth_expires\": \"0\", \"user_id\": \"1675803385\", \"screen_name\": \"lairm8\"}, \"id\": 1675803385}',52),(52,'twitter','185476705','{\"access_token\": {\"oauth_token\": \"185476705-R0BGTq4mRUrJ2MYd9DH8jH8OYbDIBpWY75TorVo6\", \"oauth_token_secret\": \"rXdGRPu2v8YFY4Jey4Za1fwCT6QJOHnoKhp1P4Gtu10W4\", \"x_auth_expires\": \"0\", \"user_id\": \"185476705\", \"screen_name\": \"kameringodx\"}, \"id\": 185476705}',53),(53,'twitter','1881157417','{\"access_token\": {\"oauth_token\": \"1881157417-VM4uhcx3VBHz2BhrOe345OqgyvsuzMKavSMORmb\", \"oauth_token_secret\": \"EYInqv1N30Aj6CbQEILaK7NBrEzh2ACWldwuTCUydDJqd\", \"x_auth_expires\": \"0\", \"user_id\": \"1881157417\", \"screen_name\": \"matirason\"}, \"id\": 1881157417}',54),(54,'twitter','278644927','{\"access_token\": {\"oauth_token\": \"278644927-62aPpRRiPeWu054hPzNo6ZbElB22525ADQYP0o6c\", \"oauth_token_secret\": \"YfSOhIxocEoYul3zyUAg8dpVZjzke0yheXqOfFdoRql1k\", \"x_auth_expires\": \"0\", \"user_id\": \"278644927\", \"screen_name\": \"Kani_Pan_Kun\"}, \"id\": 278644927}',55),(55,'twitter','116372136','{\"access_token\": {\"oauth_token\": \"116372136-Z7SLiSgCOlvjhYkUpd3QBatZzVqnJa54BGiybQ9S\", \"oauth_token_secret\": \"VpD72ZFSkbLHoasb5grBn9VihKA2eUBFQX2GPAl8tyAqc\", \"x_auth_expires\": \"0\", \"user_id\": \"116372136\", \"screen_name\": \"kainarukun\"}, \"id\": 116372136}',56),(56,'twitter','119071757','{\"access_token\": {\"oauth_token\": \"119071757-QPSHbfN09FP8HpPysYSmbWvIzsa3mKU4VsBpnr53\", \"oauth_token_secret\": \"X0JfBr3j0AcwDYKaeUEqvIezDAqQRaywDRXiR5w86XgkN\", \"x_auth_expires\": \"0\", \"user_id\": \"119071757\", \"screen_name\": \"GRNRG\"}, \"id\": 119071757}',57),(57,'twitter','1943923532','{\"access_token\": {\"oauth_token\": \"1943923532-qOUXYsgOP6oqZrKlio4oLDLVW1kzQdQPUZjiz2r\", \"oauth_token_secret\": \"E5JBL11B3qKV9afVu36sQKhCf7tqmzwSdlfYYKaEbI5r7\", \"x_auth_expires\": \"0\", \"user_id\": \"1943923532\", \"screen_name\": \"q07a_\"}, \"id\": 1943923532}',58),(58,'twitter','80570546','{\"access_token\": {\"oauth_token\": \"80570546-w123ycGNdlGDi4GwZg6yvZqvpGHaLHzsXCw6FjSBI\", \"oauth_token_secret\": \"3HN6ob9GlkCzcU1fhF4jYbgVHGsDmOwPuob643qwWqnfc\", \"x_auth_expires\": \"0\", \"user_id\": \"80570546\", \"screen_name\": \"eame7\"}, \"id\": 80570546}',59),(59,'twitter','627394038','{\"access_token\": {\"oauth_token\": \"627394038-547PFwJetbJmLb2lES9jLVdTsSWVj7rXRueSZnl6\", \"oauth_token_secret\": \"HZkuLAXI9dRghIfkUXSIod9PJE7imqOZQ087gfJlQs5oI\", \"x_auth_expires\": \"0\", \"user_id\": \"627394038\", \"screen_name\": \"kas_0120\"}, \"id\": 627394038}',60),(60,'twitter','390216021','{\"access_token\": {\"oauth_token\": \"390216021-DuIh6DVdZWoYXYUbTbxwXtMTKykZDChVHHUmBV4F\", \"oauth_token_secret\": \"UbPmCeCP29DcjNwppWooEQbqryy0RzQfLHccOLo32rOyo\", \"x_auth_expires\": \"0\", \"user_id\": \"390216021\", \"screen_name\": \"kntk_02_3\"}, \"id\": 390216021}',61),(61,'twitter','604566549','{\"access_token\": {\"oauth_token\": \"604566549-bkYVNgKHNo0VDv47savotDM9utiyTKdsq75n5rk3\", \"oauth_token_secret\": \"WsI9nk2UYXW6U9o2g87ggUpFWb62gFU29GJUdi8XUIuLK\", \"x_auth_expires\": \"0\", \"user_id\": \"604566549\", \"screen_name\": \"takt_2888\"}, \"id\": 604566549}',62),(62,'twitter','208983740','{\"access_token\": {\"oauth_token\": \"208983740-gb95JsdCXbDxoNEy7XJFN48TESDonIlv41ztFh8p\", \"oauth_token_secret\": \"9Nflu6PHd64Z55T9LapNGo2Pf8YqywSsfVjPbuCJXScRr\", \"x_auth_expires\": \"0\", \"user_id\": \"208983740\", \"screen_name\": \"dj_yorumr\"}, \"id\": 208983740}',63),(63,'twitter','269240709','{\"access_token\": {\"oauth_token\": \"269240709-qbTvMErL0fqulMQYYBIZH39EtE1kpejHmmtIAOeq\", \"oauth_token_secret\": \"TXlsJVYyBqFLqpkB7DxHfrMbyPtPDvGmWul8PlHT5vMst\", \"x_auth_expires\": \"0\", \"user_id\": \"269240709\", \"screen_name\": \"myu_gazer\"}, \"id\": 269240709}',64),(64,'twitter','472471651','{\"access_token\": {\"oauth_token\": \"472471651-4c911wy2wTuzgd8WGsDGlchpc71N8C7mZcIH6zur\", \"oauth_token_secret\": \"hcIptZEMkdHotuDL6r0EJ6PsyBjnqM863kNbSH3fdCe3h\", \"x_auth_expires\": \"0\", \"user_id\": \"472471651\", \"screen_name\": \"kamikaze622\"}, \"id\": 472471651}',65),(65,'twitter','1940068531','{\"access_token\": {\"screen_name\": \"GS_sensation\", \"oauth_token\": \"1940068531-oI9PW1AZqyFEBjXCJEnG02DpNPNAStpGOH8qsdg\", \"oauth_token_secret\": \"9zFypWNoM7Bw3nJjnpmlp7AdC9GJ5bozKhpOAkI4nqZtr\", \"user_id\": \"1940068531\", \"x_auth_expires\": \"0\"}, \"id\": 1940068531}',66),(66,'twitter','1369573950','{\"access_token\": {\"screen_name\": \"popref55\", \"oauth_token\": \"1369573950-eiEK0j0YcWQI9piTf15JnvEogCjeyJs7v3JuldH\", \"oauth_token_secret\": \"Bkh4J5FM61oAIECJC23iCx9uXXEZ7PeqMVSHDwgSvxLx0\", \"user_id\": \"1369573950\", \"x_auth_expires\": \"0\"}, \"id\": 1369573950}',67),(67,'twitter','139570898','{\"access_token\": {\"screen_name\": \"jumping_boogie\", \"oauth_token\": \"139570898-nrKH6zFtOIzMDvWgeKMjsEDgid8jmhUptgXvdLwR\", \"oauth_token_secret\": \"Pio0Y3CGo23KQROmeriTZVluQC1NqiMb26ZtkbyVGLddH\", \"user_id\": \"139570898\", \"x_auth_expires\": \"0\"}, \"id\": 139570898}',68),(68,'twitter','568645142','{\"access_token\": {\"screen_name\": \"34su1me1\", \"oauth_token\": \"568645142-3OLGctg8jCZRbZQw6qdtfYgtJ8ahTjBdBfaRSG3w\", \"oauth_token_secret\": \"4bjxLeRut6YvQVtzuPIVyyGhkEpctjQ2lo5X3bA1pdzOw\", \"user_id\": \"568645142\", \"x_auth_expires\": \"0\"}, \"id\": 568645142}',69),(69,'twitter','2527446084','{\"id\": 2527446084, \"access_token\": {\"oauth_token_secret\": \"PKRUuyO2dhnA0mHcRZ2oKeZI5IDc2VLMq9nxWLbS7lAjj\", \"oauth_token\": \"2527446084-rupRrVt3W6FL2NOvzuiFZ9IHRHsguLO8GNIlCl4\", \"screen_name\": \"daima_O\", \"user_id\": \"2527446084\", \"x_auth_expires\": \"0\"}}',70),(70,'twitter','1057359000','{\"access_token\": {\"x_auth_expires\": \"0\", \"oauth_token\": \"1057359000-p9fCokhEhuvKgJ7td5Cwgs831TSUJyUufxxUE9C\", \"oauth_token_secret\": \"xXfv4RLqRxvsJ5HvzzKRZnNP9veDdHuraffGEt9wo4FIm\", \"user_id\": \"1057359000\", \"screen_name\": \"ex_yuka__\"}, \"id\": 1057359000}',71),(71,'twitter','60887316','{\"access_token\": {\"x_auth_expires\": \"0\", \"oauth_token\": \"60887316-qyvsLtYzqT30Tod1iSP6t1OAKxwj8BcT8T1Sl5Gdu\", \"oauth_token_secret\": \"HOOpecfutqYCiWYjN6fenNdipIapAn90vZIVX1UiHwxSe\", \"user_id\": \"60887316\", \"screen_name\": \"3t_bluen\"}, \"id\": 60887316}',72),(72,'twitter','2988708739','{\"access_token\": {\"oauth_token_secret\": \"xrOyFu17QtZuHEN4yqYd8DW4Rx5JsrENQnUb1iE66xSLr\", \"oauth_token\": \"2988708739-aFp1U0dz1nSh3HSoJztQZqwAbafzQcEHFre6xns\", \"user_id\": \"2988708739\", \"x_auth_expires\": \"0\", \"screen_name\": \"alps1manjack\"}, \"id\": 2988708739}',73),(73,'twitter','1341587160','{\"access_token\": {\"user_id\": \"1341587160\", \"oauth_token\": \"1341587160-GnX9j8fNobGwPb23V6INjROcGpXpXblpyT4D6Hw\", \"screen_name\": \"atakamokamo\", \"x_auth_expires\": \"0\", \"oauth_token_secret\": \"W1SyWU2uHxOfm7dCblE6gDAmriPl5SaAKwClNug1eI5dS\"}, \"id\": 1341587160}',74),(74,'twitter','120761395','{\"access_token\": {\"user_id\": \"120761395\", \"oauth_token\": \"120761395-l5abgIG5BOfYnAiiFcUo172ODkvfXi2gvFMUnmxm\", \"screen_name\": \"daycumdayo\", \"x_auth_expires\": \"0\", \"oauth_token_secret\": \"scMEVh1nnZHmUVjetLaYpA5tnA9tOvG8QlX7eVj3DS8ht\"}, \"id\": 120761395}',75),(75,'twitter','164360527','{\"access_token\": {\"user_id\": \"164360527\", \"oauth_token\": \"164360527-0yUlP89xV5oQDyd5KsvpYcJ05caF4ApoTq5ipUdz\", \"x_auth_expires\": \"0\", \"oauth_token_secret\": \"u7lhtZ9AlHUaztlyWEqL6obGAo4HZjGOtKCzMkeEd4oXD\", \"screen_name\": \"mizuki_rena\"}, \"id\": 164360527}',76);
/*!40000 ALTER TABLE `social_auth_usersocialauth` ENABLE KEYS */;
UNLOCK TABLES;

--
-- Table structure for table `users_customuser`
--

DROP TABLE IF EXISTS `users_customuser`;
/*!40101 SET @saved_cs_client     = @@character_set_client */;
/*!40101 SET character_set_client = utf8 */;
CREATE TABLE `users_customuser` (
  `id` int(11) NOT NULL AUTO_INCREMENT,
  `password` varchar(128) NOT NULL,
  `last_login` datetime(6) DEFAULT NULL,
  `is_superuser` tinyint(1) NOT NULL,
  `username` varchar(30) NOT NULL,
  `first_name` varchar(30) NOT NULL,
  `last_name` varchar(30) NOT NULL,
  `email` varchar(254) NOT NULL,
  `is_staff` tinyint(1) NOT NULL,
  `is_active` tinyint(1) NOT NULL,
  `date_joined` datetime(6) NOT NULL,
  `player_name` varchar(6) DEFAULT NULL,
  `poputomo_id` varchar(12) DEFAULT NULL,
  `profile` longtext,
  `player_name_privacy` int(11) NOT NULL,
  `cleardata_privacy` int(11) NOT NULL,
  `updated_recently_privacy` int(11) NOT NULL,
  `location_id` int(11),
  PRIMARY KEY (`id`),
  UNIQUE KEY `username` (`username`),
  KEY `users_customuser_e274a5da` (`location_id`),
  CONSTRAINT `users_customuser_location_id_1bc80383_fk_users_location_id` FOREIGN KEY (`location_id`) REFERENCES `users_location` (`id`)
) ENGINE=InnoDB AUTO_INCREMENT=77 DEFAULT CHARSET=utf8;
/*!40101 SET character_set_client = @saved_cs_client */;

--
-- Dumping data for table `users_customuser`
--

LOCK TABLES `users_customuser` WRITE;
/*!40000 ALTER TABLE `users_customuser` DISABLE KEYS */;
INSERT INTO `users_customuser` VALUES (1,'pbkdf2_sha256$24000$R9QJ77dArCpf$S5u7OGBjruTdD3MhL4pljG3YNbMFHGnUwApLwjEMuck=','2016-03-08 17:24:46.958287',1,'admin','','','coda373@gmail.com',1,1,'2016-02-29 20:00:00.000000','','','★ 管理用アカウント',2,2,2,NULL),(2,'!oiGXHIcoBGrilhB1N3euoStwjRQhwDeIphXAsbwb','2016-03-08 15:08:05.610543',1,'darum1system','しあわせシステム','','info@zen-ume.com',1,1,'2016-03-05 17:22:22.000000','しすこ','661130046263','よろしくお願いします！',1,1,1,NULL),(3,'!9wsKPyzS4OSExVKZGWw2hnvfPiAKmSRiYUxTJeBw','2016-03-06 12:33:51.059488',0,'lvsn_popn','LVSN','','',0,1,'2016-03-06 10:47:54.355341','ＬＶＳＮ','','50全クリア、スパラン未クリ8',1,1,1,NULL),(4,'!deh51RZn6UsHJ4GjY7GKvg8s6FmVyz5eX6EqOp61','2016-03-06 11:05:16.135877',0,'Lilian_Student','うたわれ25','','',0,1,'2016-03-06 11:05:16.088012',NULL,NULL,NULL,1,1,1,NULL),(5,'!0ihRjHRkyfQWkLFotFCfjVWZDd6FmIQcSIAyKsam','2016-03-08 04:26:57.174939',0,'K_yu_ka3523','ひろくん','','',0,1,'2016-03-06 12:13:57.291087','ひろくん','','最高49（クリア９）のポップンおじさん',1,1,1,40),(6,'!e14LLBaRx1BfYpLywHSO0cScUYbZr5gVynVdEIRf','2016-03-06 12:14:15.611516',0,'ono_downtown','シリアナード・レイ','','',0,1,'2016-03-06 12:14:15.587552','なんとやや','','',1,1,1,7),(7,'!AxuUg7Mljxf1cKGs9KSasfc944jE7UtHPpX8eTzc','2016-03-08 08:21:38.601126',0,'CiaNostal','しあの','','yellowdice.chain@gmail.com',0,1,'2016-03-06 12:22:26.490800','しあの','','ポップン楽しい！',1,1,1,13),(8,'!Of1xV9bVFtvZPOCI0b8Yn35UDgGz6QpSxdX58J0C','2016-03-06 12:23:32.276794',0,'cient324','くろのず','','',0,1,'2016-03-06 12:23:32.249544',NULL,NULL,NULL,1,1,1,NULL),(9,'!9l94L7uawTyUdmRkkZ5x4BjGoWzsUFPspPw60Xh2','2016-03-07 09:21:55.167977',0,'ng_tmt','しゃろん','','',0,1,'2016-03-06 12:24:05.526698','しゃろん','','',1,1,1,9),(10,'!eXPGtHYGmUcff1P9Jh3hV4etISekwHFCj6Qbswx5','2016-03-07 06:46:59.576223',0,'GanmenSrandesu','顔面S乱です','','',0,1,'2016-03-06 12:24:32.232818',NULL,NULL,NULL,1,1,1,NULL),(11,'!CnMk7Hxu86AeYvpXLPVz7We82JAK6stHbzvExcNQ','2016-03-06 12:26:04.711904',0,'xlazulite','黒江','蒼','',0,1,'2016-03-06 12:26:04.687131',NULL,NULL,NULL,1,1,1,NULL),(12,'!u2mIAx72d2k3JU036Mz1i7z42xqkXOzTl9WownZT','2016-03-06 12:26:30.822068',0,'kassi2nd','かっし','','',0,1,'2016-03-06 12:26:30.798361','かっし','','',1,1,1,13),(13,'!87dXRYRveynWGhSHwowkaSzb7QBrCGD9Kf97sxVv','2016-03-06 12:30:59.280861',0,'parfait_0112','파르페(パフェ)','','12games@naver.com',0,1,'2016-03-06 12:30:59.256479','パフェ','780660063234','韓国のパフェと申します！',1,1,1,48),(14,'!ROcdPwNlGrxsVHY1dJBlWbDtYRSvh5kQk4rkJUqZ','2016-03-06 12:33:25.965546',0,'odn_Hoshi','おでんほし','','',0,1,'2016-03-06 12:33:25.941810','','','',1,1,1,NULL),(15,'!4a9bEpcFU7lLFZHd7dA3XJ7Q05f2PfCYgqHQIhhx','2016-03-06 12:36:49.086679',0,'DesROWlove','スパROCK2505-8015-2992','','',0,1,'2016-03-06 12:36:49.062226',NULL,NULL,NULL,1,1,1,NULL),(16,'!1Lv2Rzv95VqZdOFclryS2zpJnuroxHoacZ0CDk9z','2016-03-06 12:37:42.398794',0,'Remily7588','皆伝受かったれみ★10.50','','',0,1,'2016-03-06 12:37:42.377842','れみ','037611159001','ニエスケトイサイダーアニ村',1,1,1,34),(17,'!op0Q7enmuzFwjUhjA31iA5JXOn3l5G4GisOuj36L','2016-03-06 12:42:36.116854',0,'p_miasik','みあじっく','','',0,1,'2016-03-06 12:42:36.095458',NULL,NULL,NULL,1,1,1,NULL),(18,'!W7gL84IqrumNp5r2t2BnD3is5EDR6XiZEFBZdiaS','2016-03-06 12:43:54.781774',0,'hide__1207','hd.j','','',0,1,'2016-03-06 12:43:54.760874',NULL,NULL,NULL,1,1,1,NULL),(19,'!Gj9pKGvqEFrJQnHEtjhPvbTiJj6lkY7qe86XlToV','2016-03-06 12:54:42.917486',0,'pop_nA414','てつんきー@3/5,6関西','','',0,1,'2016-03-06 12:54:42.891188',NULL,NULL,NULL,1,1,1,NULL),(20,'!O2itzrWTn1ocezX5m4Q9JkcyYmuFme0Hske4FeS1','2016-03-06 12:55:54.195278',0,'bombaaan','ぼんばー/GOMA','','',0,1,'2016-03-06 12:55:54.174295',NULL,NULL,NULL,1,1,1,NULL),(21,'!fix3gzazO2VhuLjHRo9go1hRRN65ayv3uZfiVKjI','2016-03-06 13:00:45.679569',0,'para_lime','並列ライム','','',0,1,'2016-03-06 13:00:45.658678',NULL,NULL,NULL,1,1,1,NULL),(22,'!RI0GR7cHREZZc5xRqA2UJqdnXvYnakbGziqVY8FS','2016-03-08 08:50:50.742391',0,'radioforest239','深海','','radioforest239@yahoo.co.jp',0,1,'2016-03-06 13:09:55.965862','しんかい','010250024102','',1,1,1,6),(23,'!ARUIEIaSHuh6S0rcwWX9HnHS3oWRktnE8CNuMQCw','2016-03-08 12:56:39.785420',0,'kazupopncard','ＫＡＺＵのポプカトレード','','popncardkazu@yahoo.co.jp',0,1,'2016-03-06 13:31:19.190229','キュアあいこ','303221011665','最高クリアレベル43　4曲　\r\nレベル42　6曲\r\nレベル41　17曲\r\nレベル38残り5曲　ハイパーＪパーティーロック　ミッドナイトドラムン　必殺スパイ　マジLOVE2000％　イノセント３\r\nレベル37全埋め\r\nレベル35～36は9割くらい\r\n\r\n・プレイレベル帯は38～40でレベル38全埋め目指してがんばっています\r\n・まだまだ未熟ですが結構真剣にやっています\r\n・ポプ友さんがひとりも居ないので同じくらいの実力の方が居ましたら相互お願いします',1,1,1,12),(24,'!i3BgUdfSFtHcHP9F1ZKjvoYsKD6PGo1WwUAcugnO','2016-03-06 13:57:41.701947',0,'shamcat2706','シャムネコ','','',0,1,'2016-03-06 13:57:41.675611','ＳＣ','402260010704','',1,1,1,25),(25,'!tfaNtaSCOHe2g9jrWtY3G0imeWijMEwV2x86eN2j','2016-03-06 14:01:02.976163',0,'samidare_mind','SHIYU','','rock.shiyu.2@gmail.com',0,1,'2016-03-06 14:01:02.952680','ＳＨＩＹＵ','640010149177','',1,1,1,11),(26,'!EgLSvEfgODJ2F6NS7dhuhmleMjnjbFb8mTWNfRgD','2016-03-06 14:01:29.511167',0,'2_tman','あ　ろ','','',0,0,'2016-03-06 14:01:29.489059',NULL,NULL,NULL,1,1,1,NULL),(27,'!F9bhjAyGIoac428x6LzWg24I7bPd1L84cnSftrJq','2016-03-06 14:01:55.814353',0,'shi_minona','大宇宙の虚無/休止中','','miss_rumi_hashimoto@hotmail.com',0,1,'2016-03-06 14:01:55.788630','しいみのな','456980015152','肘が使える程度の低身長',1,1,1,14),(28,'!QlRdttFer1C81BZqEqhGgLQOUdmxzDOdQD0zsGVR','2016-03-06 14:02:30.967392',0,'fESBterHXOn7jnq','松野恭平','','',0,1,'2016-03-06 14:02:30.946438',NULL,NULL,NULL,1,1,1,NULL),(29,'!zKmTSmsep8Z5jw4P8Rpu5tLYCj1cPdTwwgrbJ31r','2016-03-07 12:32:52.832707',0,'Mr_saipn','情事','','stripe_2ro@i.softbank.jp',0,1,'2016-03-06 14:06:55.466303','あろ','106261038752','S乱13付近挑戦中　普通のメダル埋めは残りサイダームラニマです　よろしくお願いします',1,1,1,14),(30,'!bnwG1TGvoaHp3ztV5fHpeEwyxVnSfzvisu4Pg943','2016-03-06 14:26:47.864282',0,'katasutoru100','かたすぃ','','',0,1,'2016-03-06 14:25:29.304726','かたすぃ','','',2,2,2,NULL),(31,'!qyYkHh5FSSk9hPvI0JrMqMMaq8u0SXXGJwgISuOd','2016-03-06 14:44:13.487252',0,'stella_y_k','つきやま','','',0,1,'2016-03-06 14:44:13.463714','ステラ','777130085832','Ｓ乱初心者',1,1,1,12),(32,'!95l4QTHTCpG3SHHtsHkVqkSlM9IeFFgL6Y9wluaR','2016-03-06 15:00:16.834659',0,'Hamu0514','猫兎','','',0,1,'2016-03-06 14:46:43.976027','ハム','343380064993','49残りスケリナ\r\nもっとスコア力が欲しい',1,1,1,8),(33,'!11SloMxfOPjRQfe3mzPjM3E8uI0BSu5FRPvMn72v','2016-03-06 14:51:57.690450',0,'lunar_b','Regular','','timedeath@gmail.com',0,1,'2016-03-06 14:51:57.667565','ＲＥＧ','126581135666','リナシタS乱クリアできるまでは頑張りたいなーくらいの気持ちで。',1,1,1,33),(34,'!fuvdlGNijHoXnrWNF3sZm8lVTc9MsPuJjgfU9p6x','2016-03-06 14:57:25.005442',0,'Hamu0514_k','あああ','','',0,1,'2016-03-06 14:57:12.391224',NULL,NULL,NULL,1,1,1,NULL),(35,'!WjNkKDVVay2SkWc8onf44cNvMTIMhZYRNRCYVWYZ','2016-03-06 15:15:34.376014',0,'galaxy_forest','サインあーる','','',0,1,'2016-03-06 15:15:34.355155',NULL,NULL,NULL,1,1,1,NULL),(36,'!nhAnrMSWDL3hhpbA1maeoO3H6dERfj3nXCLahT5l','2016-03-06 15:28:49.856131',0,'inaba_popn','いなばこまる','','',0,1,'2016-03-06 15:28:49.832964','いなばこまる','451051103479','サイレントが埋まりません。\r\nS乱未クリア：17とスケジルクかるたダンプ',1,1,1,13),(37,'!lP8WTx88ntStsO9Lt6If1WyKl8APOL2zlGBsDvQr','2016-03-06 17:33:19.303141',0,'yumas_sukisugi','ゆますき','','urasima1989@ezweb.ne.jp',0,1,'2016-03-06 15:28:51.195681','ゆますき','449451054150','S乱14半梅くらいの腕前です\r\n通常メダルは未クリアがサイダームラアニの全譜面プレイ済み',1,1,1,23),(38,'!ohox2DkyWVpEr4cTLUUSBXiDFYYdDazMSpr3M1PF','2016-03-06 15:29:13.780253',0,'oyazi5000','Jubeat-CM/糎','','',0,1,'2016-03-06 15:29:13.750302','はくおろ','','',1,1,1,13),(39,'!abYXd9GExJxGKxKbLb1qveE2Ij9QI8GzuOfBUleE','2016-03-06 15:37:36.210379',0,'RIN_1108','りん','','',0,1,'2016-03-06 15:37:36.189436',NULL,NULL,NULL,1,1,1,NULL),(40,'!mSY1nl6zmvGeJTfgK7GrUPxLvCYioj4nSJ7e6CKO','2016-03-06 16:11:03.517040',0,'koch_neB','羽子板','','',0,1,'2016-03-06 16:06:06.693805',NULL,NULL,NULL,1,1,1,NULL),(41,'!7d4S3oWZJA8ENqWE2i9wXPxuSWfNQdOxKCdH5xWR','2016-03-08 03:01:45.646600',0,'_9_otoge','999-9-','','kt-0721@hotmail.co.jp',0,1,'2016-03-06 17:12:38.865893','たのん','599850062087','(2016.3.6)\r\n通常メダルは48:残り2 49:残り13 50:残り7、S乱適性は3〜4?\r\nもっと上達したい…。',1,1,1,27),(42,'!yUOYX2duSQ3ieoH2Ch0KYShB9K4tq5lhUXv8WfMj','2016-03-06 17:33:26.984782',0,'Gulpining','gulpining','dumpling','zones1ago@gmail.com',0,1,'2016-03-06 17:33:26.961680','ＧＵＬＰＩＮ','936650007209','ポップン楽しい！\r\nよろしくお願いします。その',1,1,1,12),(43,'!Uti9vA4RTHrn997iHtSV8dlVoWPkFpKzXg8wysdH','2016-03-06 19:15:04.350162',0,'nyd8','d8','','',0,1,'2016-03-06 19:15:04.327014','','309930159110','未クリア10。S乱LV5までの空欄はクリア済み。全譜面プレイ勢です〜',1,1,1,NULL),(44,'!ozF7CqI5esPagiSmIZK8kbJuCjiOYBInsKAbpagL','2016-03-07 02:32:57.899664',0,'DJ_Parsee','かんじろう','','kannkann.p@jcom.home.ne.jp',0,1,'2016-03-07 01:26:53.886455','ぬ','','私はポップンして今5年目なんですけども、あのー千葉に居ましてずっと。\r\nでゲーセンデビューして、あのーポップンミュージックというですねコナミの音ゲーの筐体を見て\r\nものすっごく衝撃受けて、あっ、これしかないと思って。\r\nまあ指はあんまりいい所行けませんでしたけども、まあ熱中の中、あのー音ゲーしてきたんです。\r\n\r\n多少、ま、ポップンには自信というか、なんとかなるでぇっていうか、 やったらムンムン、カマしたらぁー！\r\nみたいな気持ちに来たんですけどもね、ところがもう全然上級は、もう、そうでなくて。\r\n自分の思うようにできないんですよ。（譜面が）枯渇しちゃって。もう毎日、もう埋まれば埋まるほど（伸びが）落ち込んできたんです。\r\nそういう狭い方向狭い方向に進んでってはもうバチバチバチバチやってましたね。\r\n\r\nねーどうしようかって思ったときに、あのー、チュンストのそのルイナススピリチュアルで対策に上がりました、\r\nスーパーランダムさんっていうオプションがｔ、あったんですけども、\r\nスパランがね、今後あのー、地力上げるのに効果があったという話聞いたんです。\r\n思い切ってカード作ったんですね。\r\n\r\nで、そしたらどっちかっつったら私はね、あの、とっても正規系な人で、あのー地力上げた人だったんですけども、\r\nこうまだまｄ、まだまだ上がる感じじゃなかったんです。ところがスパランしたら、本当に元気なんですよ。\r\n「バチバチィ！」って押して。で「スパランー、 どうしてそんなに楽しいの？ 」って思ってたら、\r\n「バロがねぇ！」って、「BAD減ったのよ！」って結果出たんです。\r\nもうあたしもうビッックリしちゃって、もう 筐体持って「イ\"エエエエエエエ！(゜∀。)┛」 みたいな！\r\n何それっ！？っていう感じでした。\r\n\r\nただ私は今までスパランとはまったく無縁だと思っていたし、\r\nあのー、上手い人がするもんだって。だから地力上がったって知ってびっくりしましてね。\r\nそれでグランヂクラ11が埋まったんです。へえっ！？って！もう ダブル☆オドロキですよね。\r\nスパランで新規クリアって言ったらもう「あのっ！？」っていうくらい。その時にね、自分が、あのー、すごい元気に、ハツラツとして\r\n「このオプションは、自分が自分らしく輝いていけるオプションなんだな！」って思えたんです。\r\nそれでまたもうグサッ☆って来ましてね。すごい、自分にとって衝撃的な出会いでしたね。\r\nうーん。',2,1,1,12),(45,'!L0BuwzVpg08WDYEVclNrVLUcq5G7lUw9BXlnBiq3','2016-03-07 01:35:06.879247',0,'R_l___a','りれんざ','','',0,1,'2016-03-07 01:35:06.850272',NULL,NULL,NULL,1,1,1,NULL),(46,'!XZfIq7uRD1AaNPtzx4mG2xYRDFJ3zvgYEzHw8nVJ','2016-03-07 11:58:54.122305',0,'spqf32e9','くり子','','glinomisty@icloud.com',0,1,'2016-03-07 01:35:12.781813','ヴーヴくりこ','','ど田舎で細々とがんばってます',1,1,1,17),(47,'!eZ3HblNfNM3LOuKm8OdzrF9VbAAeol1ApbfkyBtQ','2016-03-07 01:38:34.649357',0,'nanameruby','ナナメ','','faxx@ezweb.ne.jp',0,1,'2016-03-07 01:38:34.592288','ナナメ','605131197175','筐体買うか考え中',1,1,1,1),(48,'!WUYPkzvUrhSXzmL3Q7BUsjlIolLZSMehJ8JP5kKm','2016-03-07 01:47:08.936689',0,'spaaaku','グリコマイルドカフェオレ','','',0,1,'2016-03-07 01:47:08.900172','ヒロニコ','944660007952','',1,1,1,28),(49,'!qqpNqIvzptYUNYYXJryl26Xb0OrUGjyQrbBg5Wss','2016-03-07 02:18:24.910147',0,'13580_2570','MSF','','',0,1,'2016-03-07 02:18:24.872903',NULL,NULL,NULL,1,1,1,NULL),(50,'!eL2rQNdOdvsnxINUVapevP6HO27iVKYW5TRNAn19','2016-03-07 02:25:52.935408',0,'MOK2_BMS','MOK2(もくに)','','',0,1,'2016-03-07 02:25:52.904571','ＭＯＫ２','466411013334','',1,1,1,12),(51,'!xpnwcYiFvcyhsUKpSAe9fKxQh7tbVUfEW2jQrNLP','2016-03-07 02:31:03.598491',0,'RAIN_squallman','RAIN@4月に愛知去ります','','',0,1,'2016-03-07 02:31:03.555636',NULL,NULL,NULL,1,1,1,NULL),(52,'!BDaagby5qbfRhwZSLsTsp5ldSi61QFfzplQbiB6r','2016-03-07 02:42:10.828682',0,'lairm8','えむはち','','popn49@gmail.com',0,1,'2016-03-07 02:42:10.788979','えむはち','202101052594','Twitter→@lairm8\r\nS乱はそれほど触れてませんでしたが、せっかくの機会ですし頻度を増やそうかなぁと考えております。何卒よろしくお願いします。',1,1,1,1),(53,'!6eZ7NB8dUmsaaHFzXbTSiVJHDALXT432MBxRuXoA','2016-03-08 08:01:00.110878',0,'kameringodx','カメリンゴ_あっぷる','','',0,1,'2016-03-07 02:48:20.007767','Ｋあっぷる','597451156102','',1,1,1,11),(54,'!fHB9icaeaOQ8nqjvVDQUY3klkN9KwWFT94QiMAOd','2016-03-07 02:56:00.665803',0,'matirason','てつや','','',0,1,'2016-03-07 02:51:36.188572','てつや','','',2,2,2,NULL),(55,'!cw0uxMSVyhp9ylpij6FReBw8JFmdo5qu9qLfwSHF','2016-03-07 05:48:06.165660',0,'Kani_Pan_Kun','かにぱん','','',0,1,'2016-03-07 03:09:34.584892',NULL,NULL,NULL,1,1,1,NULL),(56,'!JiF1zmRz3AVsh2qUMNJAx71j4yrm41DYCx9j4e88','2016-03-07 03:12:48.211797',0,'kainarukun','かいなる','','',0,1,'2016-03-07 03:12:48.186030','かいなる','','',1,1,1,NULL),(57,'!Z4FI9LHNcaWgg7oG4iO4qph7iKABdnX5EP5VcVgN','2016-03-07 03:13:51.919272',0,'GRNRG','ぐルね','','',0,1,'2016-03-07 03:13:51.894092','ねっぴ３Ｆ','','',1,1,1,3),(58,'!6fmSr3yQan4RazvjOdLUa5i1M4m5lPTMEgExL3Mg','2016-03-07 03:17:59.852209',0,'q07a_','ああああ','','',0,1,'2016-03-07 03:15:51.785582','ああああ','','',1,1,1,13),(59,'!2Y6PDB6e4m6fPYaaE7qzoJtlxe87OsZCrarHs7EB','2016-03-07 03:16:44.923335',0,'eame7','い～むちゃん','','',0,1,'2016-03-07 03:16:44.899229',NULL,NULL,NULL,1,1,1,NULL),(60,'!dXYz4tjxMcvstIHSnqS1CzCi7YkkMGztEpw86Jpb','2016-03-07 03:16:54.231560',0,'kas_0120','かす','','',0,1,'2016-03-07 03:16:54.209745',NULL,NULL,NULL,1,1,1,NULL),(61,'!Mhw5oqH5nPfbsMChCdNwoGzro6H4SnCGmmOj9WTi','2016-03-07 03:30:24.267116',0,'kntk_02_3','kntk','','',0,0,'2016-03-07 03:25:54.095999',NULL,NULL,NULL,1,1,1,NULL),(62,'!0uhpSqqeLu4iUoOupCPDjQWKseHx0mnP8BWotpXn','2016-03-07 07:32:55.465763',0,'takt_2888','TAKT','','',0,1,'2016-03-07 03:27:39.171286',NULL,NULL,NULL,1,1,1,NULL),(63,'!A3wAkabwxrWH7o3bYECyubDsuWn6x97aAgJnQbxa','2016-03-07 03:46:23.688671',0,'dj_yorumr','que','','',0,1,'2016-03-07 03:46:23.647999',NULL,NULL,NULL,1,1,1,NULL),(64,'!wlnYFMjBXScC3aHbTQtGCb4jJqtajbPFdNCD0y6f','2016-03-07 04:02:45.288960',0,'myu_gazer','みゅう@コナミ解約','','',0,1,'2016-03-07 04:02:44.913242',NULL,NULL,NULL,1,1,1,NULL),(65,'!nPq4z2RoTpTeAuytoUaJky6iJrpvkuGbQF91fC6S','2016-03-07 04:48:32.909231',0,'kamikaze622','しゃろん','','',0,1,'2016-03-07 04:48:32.884571',NULL,NULL,NULL,1,1,1,NULL),(66,'!2AYfQ13iIQdJORdHBDYtsFhWcypJqbH3zgAM9Ujm','2016-03-07 06:47:16.669150',0,'GS_sensation','しゃろる','','',0,1,'2016-03-07 06:47:16.639169','しゃろる','','',2,2,2,NULL),(67,'!ftMWWaAb0B8cNjY6rotG9wgIPGyMcdnZkQJMl87C','2016-03-07 08:21:12.199829',0,'popref55','ぼるてぃあ','','',0,1,'2016-03-07 08:21:12.162169',NULL,NULL,NULL,1,1,1,NULL),(68,'!TK1otCNpSeLhor3nkG2dRGgz5FvBMduEZivJyMrI','2016-03-07 10:33:32.879781',0,'jumping_boogie','成恵＠ビブリオマニア','','himasakuago2012@gmail.com',0,1,'2016-03-07 10:33:32.855509','ななせなるえ','220810040294','登録してあるポプともIDはメインカードの物となります、予めご了承ください。',1,1,1,11),(69,'!sOHeDjjZ9A4hyc3yiTizvfyTRqeATb8NEzqby1LF','2016-03-07 11:00:43.011303',0,'34su1me1','ひふみん','','',0,1,'2016-03-07 11:00:42.988356',NULL,NULL,NULL,1,1,1,NULL),(70,'!J5301VL67iQix73Wm5HJ6MBmP9xt6av5osTW7tTs','2016-03-07 11:48:42.131742',0,'daima_O','daima-O!','','',0,1,'2016-03-07 11:48:42.108987',NULL,NULL,NULL,1,1,1,NULL),(71,'!hXX2XhllijsQsLGy2sP4X2zIrtOfys17au95R7Dw','2016-03-07 17:29:57.907697',0,'ex_yuka__','＿','','',0,1,'2016-03-07 15:57:47.451111','','','',2,2,2,NULL),(72,'!GZKlvL4vLG0W6n325jzthKXjcV1vKNwvBppGfNz0','2016-03-07 17:09:06.877625',0,'3t_bluen','築根','','',0,1,'2016-03-07 17:09:06.804603',NULL,NULL,NULL,1,1,1,NULL),(73,'!P1vrUoDZ23GBvR0UV0o3tiUb3qW1SlZcK7ef66KV','2016-03-07 18:08:54.322029',0,'alps1manjack','全財産','','notice_53n10n@ezweb.ne.jp',0,1,'2016-03-07 18:08:54.296752','ＰＴ','','',2,2,2,NULL),(74,'!ZA9edqI6tbxOFu8pQOdfynsM5dtmW1uRFAnAzK0p','2016-03-08 11:20:09.340882',0,'atakamokamo','命日は9日','','',0,1,'2016-03-08 11:20:09.300143',NULL,NULL,NULL,1,1,1,NULL),(75,'!MmGreNWZPdvD9Exmi0U0sbT1Q2dwijKD6R5bMB8T','2016-03-08 11:53:56.963370',0,'daycumdayo','青海でい','','',0,1,'2016-03-08 11:53:56.896014',NULL,NULL,NULL,1,1,1,NULL),(76,'!XJv50wJkFDKgXRLQMQUscmnE9cRWhNWtkCbIFR9h','2016-03-08 16:49:25.930569',0,'mizuki_rena','水城冷菜＠ポ段＆5段','','mink1@infoseek.jp',0,1,'2016-03-08 16:49:25.892386','みずき','723690122278','通常クリアメダルは49埋め50カウのみ\r\n\r\nS乱はそこまで触れてないせいか4～ぐらい。（5以上を触ってなくてどれぐらいか判断がつかない）\r\nたまに動画投稿してます。',1,1,1,14);
/*!40000 ALTER TABLE `users_customuser` ENABLE KEYS */;
UNLOCK TABLES;

--
-- Table structure for table `users_customuser_groups`
--

DROP TABLE IF EXISTS `users_customuser_groups`;
/*!40101 SET @saved_cs_client     = @@character_set_client */;
/*!40101 SET character_set_client = utf8 */;
CREATE TABLE `users_customuser_groups` (
  `id` int(11) NOT NULL AUTO_INCREMENT,
  `customuser_id` int(11) NOT NULL,
  `group_id` int(11) NOT NULL,
  PRIMARY KEY (`id`),
  UNIQUE KEY `users_customuser_groups_customuser_id_76b619e3_uniq` (`customuser_id`,`group_id`),
  KEY `users_customuser_groups_group_id_01390b14_fk_auth_group_id` (`group_id`),
  CONSTRAINT `users_customuser_g_customuser_id_958147bf_fk_users_customuser_id` FOREIGN KEY (`customuser_id`) REFERENCES `users_customuser` (`id`),
  CONSTRAINT `users_customuser_groups_group_id_01390b14_fk_auth_group_id` FOREIGN KEY (`group_id`) REFERENCES `auth_group` (`id`)
) ENGINE=InnoDB DEFAULT CHARSET=utf8;
/*!40101 SET character_set_client = @saved_cs_client */;

--
-- Dumping data for table `users_customuser_groups`
--

LOCK TABLES `users_customuser_groups` WRITE;
/*!40000 ALTER TABLE `users_customuser_groups` DISABLE KEYS */;
/*!40000 ALTER TABLE `users_customuser_groups` ENABLE KEYS */;
UNLOCK TABLES;

--
-- Table structure for table `users_customuser_user_permissions`
--

DROP TABLE IF EXISTS `users_customuser_user_permissions`;
/*!40101 SET @saved_cs_client     = @@character_set_client */;
/*!40101 SET character_set_client = utf8 */;
CREATE TABLE `users_customuser_user_permissions` (
  `id` int(11) NOT NULL AUTO_INCREMENT,
  `customuser_id` int(11) NOT NULL,
  `permission_id` int(11) NOT NULL,
  PRIMARY KEY (`id`),
  UNIQUE KEY `users_customuser_user_permissions_customuser_id_7a7debf6_uniq` (`customuser_id`,`permission_id`),
  KEY `users_customuser_us_permission_id_baaa2f74_fk_auth_permission_id` (`permission_id`),
  CONSTRAINT `users_customuser_u_customuser_id_5771478b_fk_users_customuser_id` FOREIGN KEY (`customuser_id`) REFERENCES `users_customuser` (`id`),
  CONSTRAINT `users_customuser_us_permission_id_baaa2f74_fk_auth_permission_id` FOREIGN KEY (`permission_id`) REFERENCES `auth_permission` (`id`)
) ENGINE=InnoDB DEFAULT CHARSET=utf8;
/*!40101 SET character_set_client = @saved_cs_client */;

--
-- Dumping data for table `users_customuser_user_permissions`
--

LOCK TABLES `users_customuser_user_permissions` WRITE;
/*!40000 ALTER TABLE `users_customuser_user_permissions` DISABLE KEYS */;
/*!40000 ALTER TABLE `users_customuser_user_permissions` ENABLE KEYS */;
UNLOCK TABLES;

--
-- Table structure for table `users_location`
--

DROP TABLE IF EXISTS `users_location`;
/*!40101 SET @saved_cs_client     = @@character_set_client */;
/*!40101 SET character_set_client = utf8 */;
CREATE TABLE `users_location` (
  `id` int(11) NOT NULL AUTO_INCREMENT,
  `location` varchar(10) NOT NULL,
  PRIMARY KEY (`id`)
) ENGINE=InnoDB AUTO_INCREMENT=50 DEFAULT CHARSET=utf8;
/*!40101 SET character_set_client = @saved_cs_client */;

--
-- Dumping data for table `users_location`
--

LOCK TABLES `users_location` WRITE;
/*!40000 ALTER TABLE `users_location` DISABLE KEYS */;
INSERT INTO `users_location` VALUES (1,'北海道'),(2,'青森県'),(3,'岩手県'),(4,'宮城県'),(5,'秋田県'),(6,'山形県'),(7,'福島県'),(8,'茨城県'),(9,'栃木県'),(10,'群馬県'),(11,'埼玉県'),(12,'千葉県'),(13,'東京都'),(14,'神奈川県'),(15,'山梨県'),(16,'長野県'),(17,'新潟県'),(18,'富山県'),(19,'石川県'),(20,'福井県'),(21,'岐阜県'),(22,'静岡県'),(23,'愛知県'),(24,'三重県'),(25,'滋賀県'),(26,'京都府'),(27,'大阪府'),(28,'兵庫県'),(29,'奈良県'),(30,'和歌山県'),(31,'鳥取県'),(32,'島根県'),(33,'岡山県'),(34,'広島県'),(35,'山口県'),(36,'徳島県'),(37,'香川県'),(38,'愛媛県'),(39,'高知県'),(40,'福岡県'),(41,'佐賀県'),(42,'長崎県'),(43,'熊本県'),(44,'大分県'),(45,'宮崎県'),(46,'鹿児島県'),(47,'沖縄県'),(48,'韓国'),(49,'海外');
/*!40000 ALTER TABLE `users_location` ENABLE KEYS */;
UNLOCK TABLES;
/*!40103 SET TIME_ZONE=@OLD_TIME_ZONE */;

/*!40101 SET SQL_MODE=@OLD_SQL_MODE */;
/*!40014 SET FOREIGN_KEY_CHECKS=@OLD_FOREIGN_KEY_CHECKS */;
/*!40014 SET UNIQUE_CHECKS=@OLD_UNIQUE_CHECKS */;
/*!40101 SET CHARACTER_SET_CLIENT=@OLD_CHARACTER_SET_CLIENT */;
/*!40101 SET CHARACTER_SET_RESULTS=@OLD_CHARACTER_SET_RESULTS */;
/*!40101 SET COLLATION_CONNECTION=@OLD_COLLATION_CONNECTION */;
/*!40111 SET SQL_NOTES=@OLD_SQL_NOTES */;

-- Dump completed on 2016-03-09  5:00:01
